num_lines,num_chars,num_tokens,num_IfStmt,avgTokenLength,numMethods,avgMethodLength,numSwitchStmt,numOfLoops,is_ai_generated
28,764,87,0,8.781609195,12,0,0,0,0
90,2159,265,0,8.147169811,8,7,0,0,0
181,5943,739,4,8.041948579,13,7,0,3,1
31,528,97,0,5.443298969,7,2,0,0,0
35,1169,212,0,5.514150943,1,9,0,2,0
498,14368,1751,40,8.205596802,37,13,5,2,0
5,83,11,0,7.545454545,0,0,0,0,0
98,1708,269,0,6.349442379,16,2,0,0,1
119,4601,654,4,7.035168196,4,7,0,1,1
85,2226,263,2,8.463878327,9,17,0,1,1
48,1335,145,0,9.206896552,4,6,0,0,1
49,1476,189,0,7.80952381,1,14,0,0,1
42,1371,184,2,7.451086957,3,6,0,1,1
96,2978,360,4,8.272222222,4,7,0,1,1
49,1093,163,0,6.705521472,1,21,0,1,0
38,1173,236,4,4.970338983,1,17,0,1,1
306,8353,829,2,10.07599517,13,2,0,2,0
80,2407,268,0,8.981343284,5,2,0,0,1
85,1662,285,0,5.831578947,7,2,0,0,0
59,1762,284,1,6.204225352,1,13,0,1,1
942,30009,3345,95,8.971300448,60,35,5,7,0
40,1041,174,2,5.982758621,1,23,0,1,1
95,3321,286,1,11.61188811,7,12,0,0,0
98,2466,344,0,7.168604651,4,31,0,0,0
98,2870,487,4,5.893223819,4,12,0,1,0
54,1559,227,0,6.86784141,2,9,0,0,0
46,949,161,1,5.894409938,1,18,0,2,0
77,1798,216,0,8.324074074,2,3,0,2,0
102,2057,280,0,7.346428571,11,5,0,0,0
39,1080,126,0,8.571428571,2,4,0,0,1
24,566,78,0,7.256410256,0,0,0,0,1
64,1790,225,1,7.955555556,3,2,0,0,1
117,3688,521,0,7.078694818,6,7,0,0,1
114,2376,386,0,6.155440415,19,2,0,0,1
25,466,69,0,6.753623188,2,2,0,0,1
19,429,53,0,8.094339623,0,0,0,0,1
115,3355,365,1,9.191780822,7,4,0,0,1
93,2691,439,6,6.129840547,4,3,0,5,1
27,789,99,0,7.96969697,1,4,0,0,0
219,5268,683,6,7.713030747,4,25,0,0,0
93,3376,440,5,7.672727273,4,20,0,1,1
15,276,39,0,7.076923077,3,0,0,0,1
122,2253,349,0,6.455587393,22,2,0,0,0
47,1407,170,5,8.276470588,3,16,0,7,0
31,408,98,0,4.163265306,5,2,0,0,0
214,4451,643,0,6.922239502,38,2,0,0,1
46,923,136,1,6.786764706,7,2,0,0,1
57,1518,205,5,7.404878049,3,1,0,2,1
62,1306,229,5,5.703056769,1,35,0,4,0
17,317,53,0,5.981132075,1,0,0,0,1
99,1823,339,0,5.377581121,8,0,0,0,0
56,1646,176,2,9.352272727,1,24,0,0,0
103,2977,357,6,8.338935574,3,10,0,0,1
95,2472,284,0,8.704225352,9,7,0,0,0
19,524,77,0,6.805194805,4,2,0,0,0
48,1313,132,0,9.946969697,2,3,0,0,1
182,6087,637,2,9.555729984,12,36,0,18,1
60,1718,208,0,8.259615385,1,17,0,0,1
45,1364,241,5,5.659751037,2,11,0,0,0
54,1427,149,0,9.577181208,5,7,0,0,1
48,1520,221,0,6.877828054,0,0,0,0,0
56,1742,273,0,6.380952381,0,0,0,0,1
77,1645,226,2,7.278761062,10,7,0,0,1
137,4050,564,8,7.180851064,6,8,0,0,1
64,1511,169,0,8.940828402,7,2,0,0,0
859,27432,3023,87,9.074429375,54,32,5,7,0
45,755,160,0,4.71875,9,2,0,0,0
289,9336,985,14,9.478172589,13,6,0,3,1
61,1724,206,1,8.368932039,1,2,0,0,1
70,1741,192,0,9.067708333,9,2,0,0,0
5,90,11,0,8.181818182,0,0,0,0,0
35,825,145,2,5.689655172,2,12,0,1,1
144,3575,437,0,8.180778032,11,30,0,0,0
263,6182,721,2,8.574202497,12,17,0,1,1
20,457,63,0,7.253968254,0,0,0,0,0
40,1081,135,0,8.007407407,1,7,0,0,0
64,1660,233,0,7.124463519,0,0,0,0,0
121,4129,414,3,9.973429952,12,4,0,0,1
120,3628,381,3,9.522309711,7,5,0,1,1
48,1159,183,0,6.333333333,11,0,0,0,0
59,1064,195,0,5.456410256,7,2,0,0,1
25,984,87,0,11.31034483,1,2,0,0,0
81,1975,251,0,7.868525896,14,2,0,0,0
49,1105,208,0,5.3125,6,1,0,0,0
51,1546,200,0,7.73,1,11,0,0,1
50,1597,237,0,6.738396624,2,2,0,0,0
17,562,74,0,7.594594595,1,0,0,0,0
110,2492,412,0,6.048543689,9,2,0,0,0
45,760,161,0,4.720496894,9,2,0,0,0
27,626,82,0,7.634146341,1,3,0,0,1
112,2308,408,2,5.656862745,6,7,0,0,0
23,654,63,0,10.38095238,3,2,0,0,0
62,1285,177,0,7.259887006,4,4,0,0,0
70,1178,243,0,4.847736626,9,2,0,0,1
114,2877,437,1,6.583524027,6,14,0,1,0
128,3700,482,11,7.676348548,7,7,0,4,1
115,2957,418,1,7.074162679,6,16,0,4,0
45,1510,228,4,6.622807018,1,27,0,1,1
26,528,107,0,4.934579439,3,4,0,2,1
106,2627,453,2,5.799116998,6,5,0,0,1
56,1575,194,1,8.118556701,2,27,0,0,0
66,1744,182,0,9.582417582,5,7,0,0,1
32,691,140,0,4.935714286,2,7,0,2,1
15,227,37,0,6.135135135,1,1,0,0,0
6,55,13,0,4.230769231,0,0,0,0,0
37,951,160,1,5.94375,1,17,0,2,1
16,432,49,0,8.816326531,1,2,0,0,1
176,5343,639,8,8.361502347,17,26,1,0,1
157,4277,625,1,6.8432,5,15,0,8,1
20,464,58,0,8.0,1,2,0,0,1
77,2437,300,0,8.123333333,1,2,0,0,1
73,2422,232,0,10.43965517,4,15,0,0,1
135,4129,486,8,8.495884774,2,17,0,1,0
67,1213,255,0,4.756862745,15,2,0,0,0
29,665,74,0,8.986486486,3,2,0,0,0
174,4892,596,13,8.208053691,9,12,0,1,1
31,635,120,2,5.291666667,1,17,0,2,1
13,481,70,0,6.871428571,0,0,0,0,0
57,1005,221,3,4.547511312,2,2,0,1,1
180,4868,630,12,7.726984127,11,36,0,7,0
7,86,17,0,5.058823529,1,1,0,0,0
112,2840,414,0,6.859903382,9,2,0,0,0
184,5255,660,2,7.962121212,10,10,0,5,1
97,2730,499,0,5.470941884,8,2,0,0,0
789,22978,2682,72,8.56748695,24,44,0,9,0
60,2356,203,0,11.60591133,1,23,0,1,0
35,1716,245,0,7.004081633,3,0,0,0,0
22,343,64,0,5.359375,3,2,0,0,1
305,7924,1057,10,7.496688742,15,16,0,3,1
46,1389,144,7,9.645833333,3,1,0,0,1
53,779,171,1,4.555555556,4,2,0,0,0
50,1549,263,4,5.88973384,3,5,0,1,1
55,1260,206,4,6.116504854,1,27,0,2,1
187,3381,585,0,5.779487179,36,2,0,0,0
52,1632,172,0,9.488372093,4,4,0,0,0
6533,225882,23891,474,9.454690051,551,17,60,24,0
62,1748,307,4,5.693811075,2,6,0,2,1
151,3808,480,7,7.933333333,2,2,0,1,0
105,2611,352,2,7.417613636,14,2,0,0,1
31,332,70,0,4.742857143,3,0,0,0,0
138,4197,405,0,10.36296296,7,14,0,1,0
66,2059,303,4,6.795379538,1,14,0,0,0
84,2323,299,2,7.769230769,8,8,0,1,0
161,4570,518,12,8.822393822,5,7,0,0,0
43,964,189,0,5.100529101,9,2,0,0,1
336,14588,1727,43,8.44701795,49,27,2,2,1
35,885,136,1,6.507352941,1,20,0,2,0
156,3304,662,0,4.990936556,17,0,0,0,0
50,1335,254,2,5.255905512,2,11,0,3,1
110,3269,383,3,8.535248042,6,3,0,0,1
35,1099,93,1,11.8172043,2,2,0,0,0
38,919,172,0,5.343023256,4,0,0,0,1
40,1340,183,0,7.322404372,9,2,0,0,1
48,1473,246,4,5.987804878,3,5,0,1,1
11,147,20,0,7.35,1,0,0,0,0
62,2095,335,0,6.253731343,1,4,0,0,1
83,2129,249,0,8.550200803,16,2,0,0,0
73,2406,266,1,9.045112782,2,5,0,0,1
109,4023,385,5,10.44935065,2,10,0,0,1
77,2648,269,1,9.843866171,1,38,0,1,0
67,1971,304,1,6.483552632,1,5,0,0,0
160,5298,644,12,8.226708075,4,17,0,1,1
73,1184,213,0,5.558685446,6,0,0,0,0
38,978,111,0,8.810810811,1,4,0,0,0
228,5447,770,0,7.074025974,43,2,0,0,1
64,1779,186,0,9.564516129,5,3,0,0,1
260,8565,1082,20,7.915896488,14,7,0,4,1
40,999,178,0,5.612359551,0,0,0,0,0
18,634,67,0,9.462686567,1,0,0,0,1
88,1660,289,0,5.743944637,10,2,0,0,0
695,21452,2446,70,8.770237122,47,19,5,2,0
56,1222,236,0,5.177966102,3,2,0,0,1
40,1372,170,3,8.070588235,1,24,0,2,0
91,2221,264,0,8.412878788,13,2,0,0,0
8341,278990,30400,630,9.177302632,677,17,70,52,0
59,1943,159,0,12.22012579,1,12,0,0,0
115,2113,384,1,5.502604167,12,3,0,0,1
33,861,142,1,6.063380282,1,17,0,1,1
259,9571,1007,4,9.504468719,8,11,0,3,0
19,389,82,0,4.743902439,1,7,0,1,1
69,2471,281,2,8.793594306,1,31,0,1,1
58,1381,252,0,5.48015873,2,2,0,0,0
19,262,47,0,5.574468085,1,2,0,0,0
98,3295,365,3,9.02739726,7,13,0,1,0
25,627,103,0,6.087378641,1,2,0,0,1
25,651,119,0,5.470588235,1,11,0,1,1
93,2361,284,2,8.313380282,9,7,0,1,1
26,766,115,4,6.660869565,1,22,0,1,0
16,473,65,2,7.276923077,1,9,0,1,0
98,2417,316,3,7.648734177,3,5,0,2,0
94,1897,266,6,7.131578947,6,3,0,0,0
259,9042,858,1,10.53846154,18,9,0,0,1
142,3021,458,0,6.596069869,21,4,0,0,1
111,4147,486,7,8.532921811,2,41,0,5,1
55,1024,213,0,4.807511737,2,9,1,0,1
94,1835,277,0,6.624548736,16,2,0,0,1
46,1184,194,0,6.103092784,0,0,0,1,0
100,2611,331,0,7.888217523,13,2,0,0,0
48,1013,143,0,7.083916084,1,15,0,2,0
85,2340,311,6,7.524115756,1,28,0,2,0
9,212,33,0,6.424242424,0,0,0,0,0
109,3536,327,4,10.81345566,11,7,0,1,0
24,620,93,0,6.666666667,1,14,0,1,1
83,1866,260,0,7.176923077,4,13,0,0,0
284,9987,1029,3,9.705539359,5,11,0,1,1
79,1833,308,3,5.951298701,13,2,0,0,1
88,1734,330,0,5.254545455,7,2,0,0,0
87,2540,412,0,6.165048544,5,7,0,4,1
132,4362,562,6,7.761565836,0,0,0,0,0
98,2230,331,0,6.737160121,13,2,0,0,1
69,1983,197,0,10.06598985,6,2,0,0,1
115,4561,468,1,9.745726496,5,8,0,2,0
21,358,60,0,5.966666667,2,1,0,0,0
105,1914,318,0,6.018867925,20,2,0,0,0
55,1578,235,0,6.714893617,1,17,0,2,1
13,184,37,0,4.972972973,0,0,0,0,1
55,1071,186,0,5.758064516,7,2,0,0,1
162,6137,627,0,9.787878788,13,2,0,0,1
40,1136,136,0,8.352941176,4,7,0,0,1
120,3695,388,0,9.523195876,9,10,0,1,1
112,2830,386,7,7.331606218,10,3,0,0,1
41,1295,133,0,9.736842105,1,6,0,0,1
295,8096,1059,17,7.644948064,32,4,0,2,1
92,2393,341,4,7.017595308,6,11,0,2,1
28,993,178,0,5.578651685,1,0,0,0,0
106,1811,309,0,5.860841424,20,2,0,0,0
51,1695,232,0,7.306034483,3,4,0,0,1
154,4953,518,7,9.561776062,4,14,0,1,1
41,1334,224,0,5.955357143,0,0,0,0,0
176,6022,892,6,6.751121076,12,7,0,2,0
37,1080,142,4,7.605633803,1,13,0,0,1
159,3573,496,0,7.203629032,25,9,0,0,1
55,1135,169,1,6.715976331,1,23,0,2,0
33,900,153,0,6.405228758,0,0,0,0,0
59,988,150,0,6.586666667,8,2,0,0,1
50,1370,240,7,5.708333333,2,22,0,1,1
57,910,165,0,5.515151515,10,2,0,0,1
125,4087,548,10,7.458029197,3,12,0,2,1
53,1466,241,0,6.082987552,2,4,0,0,0
26,580,84,2,6.904761905,1,12,0,0,1
137,4500,634,11,7.097791798,3,14,0,2,0
38,1123,101,0,11.11881188,4,2,0,0,1
76,2432,232,0,10.48275862,5,3,0,0,1
41,1107,158,0,7.006329114,1,2,0,0,1
76,1921,197,1,9.751269036,2,7,0,0,0
32,878,94,0,9.340425532,1,4,0,0,1
591,23244,2346,5,9.907928389,12,10,0,15,0
35,873,74,0,11.7972973,1,8,0,0,0
71,1601,219,0,7.310502283,11,2,0,1,0
78,2265,253,1,8.95256917,6,2,0,0,1
27,1385,185,0,7.486486486,1,12,0,0,1
57,1788,195,0,9.169230769,4,4,0,0,1
93,3103,328,0,9.460365854,3,2,0,0,0
104,3139,348,0,9.020114943,9,7,0,0,1
63,3212,401,0,8.009975062,0,0,0,0,0
56,1149,200,0,5.745,1,8,0,1,0
79,2587,286,1,9.045454545,2,9,0,0,1
133,4450,500,6,8.9,5,7,0,2,0
43,1243,209,0,5.947368421,1,21,0,1,1
33,1075,87,0,12.35632184,1,6,0,0,0
218,5069,622,0,8.149517685,18,6,0,0,0
61,1696,188,1,9.021276596,3,2,0,0,0
46,1524,130,1,11.72307692,2,8,0,0,0
54,859,150,0,5.726666667,6,2,0,0,0
24,555,97,1,5.721649485,1,5,0,0,0
20,448,72,0,6.222222222,0,0,0,0,1
72,2356,258,1,9.131782946,2,5,0,0,1
64,2254,320,2,7.04375,19,2,0,0,1
43,1592,237,1,6.717299578,2,11,0,1,0
49,2302,365,0,6.306849315,0,0,0,0,0
568,27892,3052,108,9.138925295,78,43,0,2,1
142,3906,489,16,7.987730061,1,65,0,2,1
44,1232,250,3,4.928,1,15,0,1,1
99,2671,352,0,7.588068182,3,14,0,0,1
78,2894,240,2,12.05833333,4,8,0,0,0
175,6008,444,6,13.53153153,11,9,0,3,0
71,2027,340,4,5.961764706,1,13,0,0,0
73,2077,237,0,8.76371308,4,11,0,3,1
39,977,160,0,6.10625,7,2,0,0,1
90,1811,216,0,8.384259259,5,2,0,0,0
135,2498,274,4,9.116788321,10,2,0,0,0
40,1184,194,3,6.103092784,1,9,0,0,0
49,1321,212,0,6.231132075,0,0,0,0,0
74,2311,345,3,6.698550725,3,7,0,1,1
28,1012,81,0,12.49382716,3,1,0,0,0
62,1804,180,2,10.02222222,2,11,0,0,0
83,1547,293,0,5.279863481,1,3,0,0,1
24,921,122,2,7.549180328,1,19,0,3,0
95,1943,371,0,5.237196765,7,3,0,0,0
114,4375,642,1,6.814641745,8,4,0,0,1
217,5614,675,21,8.317037037,5,14,0,3,1
49,1586,272,4,5.830882353,1,15,0,1,0
207,6473,766,11,8.450391645,16,2,0,4,1
10,145,23,0,6.304347826,1,1,0,0,0
60,2206,165,0,13.36969697,3,4,0,0,0
41,1090,202,2,5.396039604,1,6,0,0,0
12,238,35,0,6.8,3,0,0,0,1
89,2601,395,5,6.584810127,5,21,0,3,0
211,6047,1023,9,5.911045943,15,1,0,1,0
47,1114,173,0,6.439306358,1,9,0,1,0
240,8277,1052,12,7.867870722,22,9,0,7,0
23,655,64,0,10.234375,3,2,0,0,0
62,1941,318,0,6.103773585,0,0,0,0,0
212,8959,977,5,9.169907881,10,25,0,2,1
121,3712,380,0,9.768421053,1,13,0,1,0
66,2196,224,3,9.803571429,2,24,0,1,1
119,3133,472,0,6.637711864,5,40,0,2,1
102,2457,278,3,8.838129496,2,2,0,0,0
17,436,62,0,7.032258065,2,2,0,0,1
72,1769,244,2,7.25,14,2,0,0,1
39,1268,163,1,7.779141104,3,6,0,1,1
62,1217,170,0,7.158823529,8,2,0,0,1
37,968,235,0,4.119148936,1,8,0,0,1
117,4751,542,3,8.765682657,5,9,0,0,0
38,586,100,0,5.86,6,2,0,0,1
80,3283,208,0,15.78365385,5,4,0,0,0
47,1189,216,0,5.50462963,1,15,0,2,1
36,1077,181,0,5.950276243,0,0,0,0,0
76,1103,204,0,5.406862745,4,4,0,0,0
28,883,147,0,6.006802721,0,0,0,0,1
30,849,116,3,7.318965517,1,20,0,1,1
76,2158,219,1,9.853881279,3,8,0,0,0
52,1079,173,1,6.23699422,6,2,0,0,1
29,562,91,0,6.175824176,4,2,0,0,1
28,1005,168,0,5.982142857,1,0,0,0,0
71,2085,209,0,9.976076555,6,3,0,0,1
66,1375,232,0,5.926724138,3,5,0,0,1
73,2045,237,0,8.628691983,8,2,0,1,1
25,529,82,0,6.451219512,0,0,0,0,1
57,2134,174,1,12.26436782,4,2,0,0,1
35,626,120,0,5.216666667,4,0,0,0,1
47,977,142,1,6.88028169,1,26,0,3,0
51,1925,148,0,13.00675676,2,5,0,0,1
72,1937,201,0,9.63681592,6,7,0,0,1
68,2085,326,3,6.395705521,5,19,0,1,1
220,4495,781,0,5.755441741,58,2,0,0,0
41,633,106,0,5.971698113,7,2,0,0,1
45,1285,200,4,6.425,1,26,1,1,0
86,2363,269,2,8.784386617,2,2,0,0,0
90,1519,283,0,5.367491166,11,3,0,0,1
28,1004,67,0,14.98507463,1,14,0,0,1
24,833,101,0,8.247524752,2,0,0,0,0
142,5307,706,5,7.516997167,3,3,0,1,0
17,496,68,0,7.294117647,1,0,0,0,1
12,177,31,0,5.709677419,2,2,0,0,0
158,4923,627,11,7.851674641,4,12,0,3,0
95,3391,488,0,6.948770492,29,2,0,0,1
143,3899,574,0,6.792682927,3,30,0,7,1
45,1171,153,0,7.653594771,4,4,0,1,1
36,1042,155,0,6.722580645,1,0,0,0,1
70,2202,234,1,9.41025641,3,5,0,1,0
1110,38816,3965,101,9.789659521,66,54,5,21,0
51,1508,237,0,6.362869198,1,13,0,0,1
76,1965,198,1,9.924242424,2,7,0,0,0
31,409,71,0,5.76056338,1,2,0,0,1
173,5645,628,12,8.988853503,11,36,0,5,1
45,1198,151,0,7.933774834,3,2,0,0,1
60,1546,164,0,9.426829268,4,2,0,0,0
123,4160,784,3,5.306122449,3,10,0,3,0
326,15672,1596,46,9.819548872,43,19,5,2,1
85,2966,236,0,12.56779661,6,3,0,0,0
22,858,170,0,5.047058824,0,0,0,0,0
336,8956,1166,20,7.680960549,19,5,0,0,0
48,1219,244,5,4.995901639,1,24,0,5,1
56,1004,180,0,5.577777778,4,2,0,0,1
33,1070,86,0,12.44186047,1,6,0,0,0
51,1692,264,4,6.409090909,4,11,0,0,0
199,4902,680,0,7.208823529,25,2,0,0,0
12,199,34,0,5.852941176,0,0,0,0,0
177,5271,711,18,7.41350211,1,69,0,2,0
149,4030,481,5,8.378378378,4,2,0,0,0
34,819,103,0,7.951456311,3,1,0,1,1
121,3475,371,0,9.366576819,9,32,0,0,0
119,3269,478,0,6.838912134,5,42,0,2,1
288,7371,927,11,7.951456311,15,17,0,4,0
78,1512,278,0,5.438848921,6,2,0,0,0
12,205,28,0,7.321428571,3,0,0,0,0
124,2689,428,0,6.28271028,21,2,0,0,1
78,1893,230,0,8.230434783,7,7,0,0,0
23,450,68,0,6.617647059,3,2,0,0,1
562,21677,2210,5,9.808597285,12,10,0,15,0
73,1800,189,1,9.523809524,2,7,0,0,0
71,2061,343,4,6.008746356,1,13,0,0,0
50,1072,160,0,6.7,1,6,0,0,0
235,4103,663,15,6.188536953,25,3,0,0,0
151,4360,524,6,8.320610687,6,21,0,2,1
18,355,65,0,5.461538462,0,0,0,0,0
68,2131,175,1,12.17714286,3,14,0,0,1
58,1135,209,0,5.43062201,2,8,1,0,0
24,614,92,0,6.673913043,1,14,0,1,1
323,12334,1107,11,11.14182475,20,8,0,0,0
50,2577,328,0,7.856707317,4,2,0,0,0
44,1129,200,1,5.645,1,15,0,1,1
81,1834,261,0,7.026819923,5,2,0,0,0
89,1864,288,2,6.472222222,12,2,0,0,1
269,8676,1163,30,7.460017197,5,23,0,3,0
94,2762,281,0,9.829181495,4,15,0,0,0
45,1087,132,1,8.234848485,3,1,0,0,1
235,5812,964,0,6.029045643,27,2,0,0,0
73,1783,208,0,8.572115385,7,3,0,0,0
46,779,123,0,6.333333333,8,2,0,0,1
82,2343,241,0,9.721991701,7,7,0,0,1
58,1952,246,0,7.93495935,2,8,0,0,1
42,1104,157,4,7.031847134,1,15,0,0,1
237,6173,629,3,9.813990461,22,12,1,0,0
66,1222,228,0,5.359649123,2,9,1,0,0
33,869,106,1,8.198113208,1,8,0,1,1
29,631,83,0,7.602409639,4,3,0,0,0
86,1807,293,0,6.167235495,2,15,1,0,0
20,368,57,0,6.456140351,1,2,0,0,1
86,2584,296,1,8.72972973,3,2,0,0,1
56,1307,205,0,6.375609756,4,2,0,0,1
17,502,63,0,7.968253968,1,0,0,0,0
7,143,20,0,7.15,1,2,0,0,1
26,636,118,1,5.389830508,2,8,0,0,1
53,1789,273,0,6.553113553,0,0,0,0,1
52,1300,154,0,8.961038961,4,12,0,0,1
83,2508,293,2,8.559726962,3,1,0,0,1
40,978,167,2,5.856287425,1,23,0,2,1
61,1649,221,0,7.461538462,1,21,0,1,0
33,869,106,1,8.198113208,1,8,0,1,1
29,673,115,0,5.852173913,1,13,0,1,0
36,1365,153,0,8.921568627,1,24,0,0,1
33,1047,167,3,6.269461078,1,18,0,1,1
19,353,45,1,7.844444444,1,10,0,1,0
31,1117,99,0,11.28282828,1,12,0,0,0
60,1670,211,2,7.914691943,5,2,0,1,0
67,2134,287,1,7.43554007,1,41,0,6,0
47,1483,201,1,7.378109453,1,31,0,1,1
136,4771,416,5,11.46875,10,2,0,0,0
54,1550,227,4,6.828193833,1,13,0,1,0
8,152,27,0,5.62962963,1,0,0,0,1
21,520,95,1,5.473684211,1,15,0,1,1
54,1080,147,0,7.346938776,10,2,0,0,1
58,1779,212,1,8.391509434,1,19,0,0,1
147,5875,621,2,9.460547504,6,1,1,2,0
31,715,90,0,7.944444444,4,2,0,0,0
73,3639,574,0,6.339721254,9,0,0,0,0
116,2845,347,0,8.198847262,5,7,0,0,0
897,27770,3159,102,8.790756569,57,27,5,2,0
96,2659,321,3,8.283489097,3,4,0,4,1
62,1562,192,0,8.135416667,5,4,1,0,0
59,1445,297,2,4.865319865,1,21,0,0,1
49,1008,157,2,6.420382166,6,4,0,0,1
31,949,165,0,5.751515152,1,12,0,1,0
66,2048,196,0,10.44897959,8,2,0,0,1
161,5486,506,7,10.84189723,10,9,0,2,1
38,668,120,0,5.566666667,4,2,0,0,1
53,1249,168,0,7.43452381,2,16,0,1,0
28,781,76,0,10.27631579,2,4,0,0,1
126,3876,386,3,10.04145078,5,12,0,0,0
100,1934,364,0,5.313186813,11,2,0,0,1
41,1133,150,0,7.553333333,1,23,0,3,1
396,17129,1692,0,10.12352246,0,0,0,0,1
40,1130,132,0,8.560606061,0,0,0,0,0
59,1367,226,0,6.048672566,4,2,0,0,0
66,999,188,2,5.313829787,12,2,0,0,0
62,1653,257,0,6.431906615,3,2,0,1,1
159,4731,806,3,5.869727047,5,22,0,1,0
77,2140,265,3,8.075471698,4,10,0,0,1
21,597,65,0,9.184615385,2,3,0,0,1
24,520,60,0,8.666666667,0,0,0,0,1
180,5438,463,9,11.74514039,2,7,0,0,0
32,919,146,0,6.294520548,1,14,0,1,0
90,2689,309,2,8.702265372,5,2,0,0,1
58,2657,387,0,6.865633075,0,0,0,0,0
27,701,114,0,6.149122807,6,0,0,0,0
75,1712,343,4,4.991253644,5,7,0,4,1
30,525,97,2,5.412371134,1,16,0,2,0
91,2965,362,4,8.190607735,2,25,0,1,1
30,868,146,0,5.945205479,1,7,0,0,1
99,2961,387,2,7.651162791,6,14,0,1,1
129,4154,392,0,10.59693878,2,65,0,2,0
44,1162,196,0,5.928571429,1,2,0,0,0
17,358,56,0,6.392857143,0,0,0,0,0
71,2025,338,4,5.99112426,1,13,0,0,0
58,971,186,0,5.220430108,6,2,0,0,0
136,2550,434,0,5.875576037,18,2,0,0,1
262,4573,830,0,5.509638554,28,2,0,0,0
75,2403,383,0,6.274151436,4,3,0,0,1
81,2090,365,6,5.726027397,1,19,0,0,0
27,782,99,0,7.898989899,1,14,0,1,0
286,10579,1316,34,8.038753799,38,2,5,2,1
37,480,115,0,4.173913043,4,2,0,0,1
32,1361,182,0,7.478021978,3,0,0,0,0
64,1841,286,3,6.437062937,4,10,0,6,1
88,2174,343,4,6.33819242,1,14,0,0,0
61,1227,205,2,5.985365854,7,2,0,0,1
24,409,79,0,5.17721519,2,2,0,0,1
42,832,179,2,4.648044693,2,6,0,3,1
29,759,124,0,6.120967742,1,12,0,1,0
46,867,118,0,7.347457627,8,2,0,0,1
119,2762,516,0,5.352713178,9,2,0,0,0
100,4101,327,2,12.5412844,2,32,0,2,1
180,5281,445,9,11.86741573,2,7,0,0,0
73,2366,255,1,9.278431373,2,5,0,0,1
26,764,115,4,6.643478261,1,22,0,1,1
53,1206,140,1,8.614285714,5,7,0,0,0
114,3389,376,6,9.013297872,4,3,2,0,0
8,180,32,0,5.625,0,0,0,0,1
159,5799,655,10,8.853435115,9,7,0,1,1
53,2475,342,0,7.236842105,4,0,0,0,0
67,1686,298,0,5.657718121,1,18,0,3,1
13,212,38,0,5.578947368,1,0,0,0,0
42,1234,118,0,10.45762712,1,7,0,0,1
58,1058,206,0,5.13592233,2,7,7,0,0
41,898,139,3,6.460431655,4,5,0,0,1
45,1076,197,0,5.461928934,0,0,0,1,0
66,1517,182,0,8.335164835,6,7,0,0,0
80,3035,352,9,8.622159091,5,2,0,0,0
134,4255,408,17,10.42892157,3,29,0,3,0
44,1472,265,0,5.554716981,1,0,0,0,0
44,1265,233,0,5.429184549,1,12,0,0,1
113,4164,395,0,10.54177215,8,3,0,0,1
51,1578,315,0,5.00952381,2,13,0,0,1
105,2486,373,0,6.664879357,28,2,0,0,0
176,7513,922,7,8.148590022,31,1,1,1,1
25,595,93,1,6.397849462,1,15,0,1,1
43,955,137,0,6.97080292,2,13,0,0,0
79,2043,206,0,9.917475728,23,0,0,0,0
116,4640,402,0,11.54228856,8,3,0,0,0
76,1833,190,1,9.647368421,2,7,0,0,0
40,965,132,0,7.310606061,2,10,0,1,0
323,10553,10553,29,8.238095238,37,13,5,2,1
59,945,147,0,6.428571429,3,6,0,0,0
58,1302,187,0,6.962566845,2,2,0,0,0
88,2206,259,1,8.517374517,2,2,0,0,1
115,2157,414,0,5.210144928,13,2,0,0,1
609,19454,2142,57,9.0821662,42,18,5,2,0
51,1137,196,1,5.801020408,1,26,0,3,1
56,1332,152,2,8.763157895,2,13,0,0,1
81,2508,273,4,9.186813187,7,20,1,0,0
46,925,184,2,5.027173913,7,2,0,0,1
19,363,75,0,4.84,1,7,0,1,0
213,7724,1236,8,6.249190939,5,14,0,3,0
38,1236,227,4,5.444933921,1,20,0,2,0
73,1786,189,1,9.44973545,2,7,0,0,0
196,4735,642,0,7.375389408,27,2,0,0,0
21,410,83,2,4.939759036,1,14,0,1,1
135,4846,503,3,9.634194831,5,14,0,2,1
30,749,136,0,5.507352941,3,0,0,0,1
143,2668,409,0,6.523227384,22,2,0,0,1
100,1789,330,0,5.421212121,19,2,0,0,0
36,1116,103,0,10.83495146,13,0,0,0,1
152,3920,439,5,8.929384966,5,11,0,0,0
75,2011,348,0,5.778735632,4,2,0,0,0
150,3893,591,8,6.58714044,10,3,0,0,0
31,525,119,0,4.411764706,5,2,0,0,1
67,2219,190,0,11.67894737,5,3,0,0,0
108,1815,394,0,4.606598985,9,2,0,0,0
52,1104,217,0,5.087557604,1,14,0,4,1
29,620,93,0,6.666666667,1,13,0,1,0
28,701,108,0,6.490740741,1,12,0,1,0
35,1177,206,0,5.713592233,3,0,0,0,0
67,1312,278,0,4.71942446,8,0,0,0,1
24,724,129,0,5.612403101,1,0,0,0,0
44,1536,179,0,8.581005587,1,5,0,0,0
66,1130,228,0,4.956140351,2,9,1,0,0
129,4362,514,5,8.486381323,3,3,0,1,1
149,3788,524,8,7.229007634,8,5,0,1,1
43,1138,208,1,5.432692308,1,14,0,2,1
45,1631,154,0,10.59090909,3,4,0,0,1
25,261,68,0,3.838235294,4,2,0,0,0
678,30800,3072,116,10.02604167,73,42,5,10,1
107,2927,406,5,7.209359606,4,2,0,1,1
47,758,161,0,4.708074534,9,2,0,0,0
22,480,95,2,5.052631579,1,8,0,0,1
482,22134,1807,40,12.24903154,22,2,0,3,0
120,3908,524,4,7.458015267,5,18,0,0,0
110,4167,427,1,9.758782201,2,23,0,0,1
138,2672,507,0,5.270216963,17,2,0,0,1
27,599,107,0,5.598130841,1,12,0,1,0
75,1896,221,0,8.57918552,5,8,0,0,0
31,881,139,0,6.338129496,1,14,0,1,1
32,527,90,0,5.855555556,4,0,0,0,1
72,1646,186,3,8.849462366,5,2,0,1,0
68,1479,203,0,7.285714286,3,6,0,1,0
123,3696,427,0,8.655737705,9,10,0,0,1
87,1116,232,1,4.810344828,1,11,0,1,0
83,2082,307,9,6.781758958,3,18,0,3,1
67,2318,396,8,5.853535354,2,21,0,3,1
34,753,135,1,5.577777778,1,17,0,1,0
39,702,111,0,6.324324324,6,2,0,0,1
65,1951,222,0,8.788288288,6,3,0,1,0
113,3087,457,4,6.754923414,7,4,0,2,1
67,1226,221,0,5.547511312,12,2,0,0,1
33,1056,151,0,6.993377483,1,2,0,0,0
52,1784,286,5,6.237762238,4,9,0,0,0
60,1159,195,0,5.943589744,4,2,0,0,0
73,2625,263,1,9.980988593,1,38,0,1,0
32,558,92,0,6.065217391,0,0,0,0,1
10,196,25,0,7.84,0,0,0,0,1
226,5304,945,0,5.612698413,21,2,0,0,0
102,1925,338,0,5.695266272,12,2,0,0,0
66,1245,203,0,6.133004926,3,2,0,0,0
45,1079,163,0,6.619631902,3,2,0,0,1
26,609,109,0,5.587155963,1,11,0,1,0
17,295,45,0,6.555555556,1,2,0,0,1
88,1566,324,0,4.833333333,7,2,0,0,0
38,497,106,0,4.688679245,6,2,0,0,1
12,263,41,0,6.414634146,1,0,0,0,1
42,599,107,0,5.598130841,7,2,0,0,1
132,3551,400,2,8.8775,7,6,0,0,1
90,2352,344,0,6.837209302,5,18,0,0,1
28,569,108,0,5.268518519,1,2,0,0,1
62,1837,191,1,9.617801047,4,3,0,0,1
192,6384,1003,6,6.364905284,10,1,0,0,0
54,1603,232,0,6.909482759,3,15,0,0,1
139,2959,446,0,6.634529148,25,8,0,0,0
29,449,87,0,5.16091954,4,0,0,0,1
82,2493,293,0,8.508532423,3,14,0,2,0
61,973,194,0,5.015463918,9,2,0,0,1
74,1794,248,1,7.233870968,7,2,0,0,0
5,99,15,0,6.6,0,0,0,0,1
142,5417,565,2,9.587610619,6,1,1,2,1
33,867,143,1,6.062937063,1,17,0,1,1
81,2519,279,1,9.028673835,3,8,0,1,1
28,787,119,0,6.613445378,1,12,0,1,1
20,895,51,0,17.54901961,1,2,0,0,0
20,335,53,0,6.320754717,0,0,0,0,1
63,2078,329,0,6.316109422,16,2,0,0,1
41,1212,200,0,6.06,1,7,0,0,1
33,1056,151,0,6.993377483,1,2,0,0,1
25,598,102,1,5.862745098,1,1,0,0,1
55,1683,236,0,7.131355932,1,8,0,1,1
49,1100,187,0,5.882352941,3,2,0,0,0
130,3280,432,0,7.592592593,2,17,0,1,0
57,1787,292,2,6.119863014,2,20,0,2,0
44,1536,179,0,8.581005587,1,5,0,0,1
113,5218,476,8,10.96218487,6,2,0,0,0
30,983,126,0,7.801587302,3,2,0,0,1
342,11229,1629,17,6.893186004,11,63,0,0,0
71,2049,343,4,5.973760933,1,13,0,0,0
65,1450,145,2,10.0,3,11,0,0,0
0,4749,619,2,7.672051696,30,2,0,0,0
49,844,200,0,4.22,6,0,0,0,1
173,3445,579,0,5.949913644,36,2,0,0,1
80,2471,351,0,7.03988604,6,2,0,0,0
51,1202,217,0,5.539170507,0,0,0,0,0
72,2292,323,1,7.095975232,19,7,0,0,1
214,7643,792,8,9.650252525,4,16,0,1,0
41,1284,127,0,10.11023622,1,6,0,0,1
118,3067,390,0,7.864102564,5,42,0,2,0
98,2366,393,1,6.020356234,7,2,0,0,0
18,334,52,0,6.423076923,2,0,0,0,0
228,6584,935,9,7.04171123,35,2,1,1,0
84,3023,463,2,6.529157667,2,12,0,0,0
98,2029,294,0,6.901360544,11,2,0,1,0
102,2838,376,4,7.54787234,17,2,0,0,0
146,3804,462,4,8.233766234,5,35,0,0,0
90,2259,301,0,7.504983389,5,16,0,0,0
26,540,75,0,7.2,1,8,0,0,0
21,392,55,0,7.127272727,2,2,0,0,0
23,434,62,0,7.0,6,0,0,0,1
56,1762,154,1,11.44155844,2,2,0,0,1
25,487,73,0,6.671232877,2,2,0,0,1
32,957,159,0,6.018867925,3,0,0,0,1
224,7413,806,9,9.197270471,17,5,0,2,1
10,182,27,0,6.740740741,1,0,0,0,1
42,1367,173,0,7.901734104,1,4,0,0,0
7,107,18,0,5.944444444,0,0,0,0,0
80,2984,239,4,12.48535565,4,9,0,0,1
35,958,145,1,6.606896552,1,18,0,1,1
101,1759,299,4,5.882943144,5,2,0,0,0
50,1505,185,0,8.135135135,1,11,0,0,1
45,1410,184,4,7.663043478,2,17,0,1,0
106,4193,618,4,6.784789644,38,2,0,0,1
1061,73298,8796,0,8.333105957,1,2,0,0,0
242,9642,1149,17,8.391644909,31,2,1,3,1
82,1935,238,0,8.130252101,7,7,0,0,0
136,4940,566,14,8.727915194,14,10,0,0,1
138,4004,441,3,9.079365079,7,5,0,1,0
37,1066,140,4,7.614285714,1,13,0,0,1
52,1358,174,0,7.804597701,5,4,0,1,1
60,1644,252,5,6.523809524,1,17,0,1,0
102,2541,397,3,6.400503778,9,8,0,0,1
89,2568,360,0,7.133333333,5,16,0,0,1
146,3088,515,0,5.996116505,20,18,0,0,1
28,504,81,0,6.222222222,4,2,0,0,1
68,2025,185,1,10.94594595,4,2,0,0,0
22,412,54,0,7.62962963,2,1,0,0,0
38,771,104,0,7.413461538,4,5,0,0,1
44,1233,188,0,6.558510638,1,2,0,0,0
29,632,99,1,6.383838384,2,2,0,0,1
41,838,132,4,6.348484848,5,2,0,0,1
46,1371,158,1,8.67721519,2,3,0,0,0
104,4075,369,12,11.04336043,4,7,0,3,1
45,1472,122,0,12.06557377,3,5,0,0,0
102,2009,338,0,5.943786982,12,2,0,0,0
92,2412,276,0,8.739130435,8,7,0,0,0
58,1188,181,0,6.563535912,4,2,0,0,0
58,1418,193,2,7.347150259,1,20,0,2,1
94,1503,274,1,5.48540146,19,5,0,0,0
43,1647,241,4,6.834024896,1,26,0,1,0
82,3104,237,0,13.09704641,6,3,0,0,1
37,1038,173,0,6.0,1,11,0,0,1
111,3310,486,7,6.810699588,2,41,0,5,1
76,1912,195,1,9.805128205,2,7,0,0,0
5,87,11,0,7.909090909,0,0,0,0,0
67,2359,307,2,7.684039088,2,2,0,0,1
18,563,76,2,7.407894737,1,12,0,1,0
56,972,134,2,7.253731343,1,21,0,0,0
102,2001,338,0,5.920118343,12,2,0,0,0
168,5020,639,7,7.856025039,7,3,0,1,1
100,2350,320,7,7.34375,4,5,0,1,1
20,475,51,0,9.31372549,3,2,0,0,0
53,1669,165,1,10.11515152,3,8,0,0,1
151,4193,566,15,7.408127208,4,57,0,3,0
58,1304,186,0,7.010752688,2,2,0,0,0
74,1606,250,2,6.424,5,2,0,0,0
40,1238,113,0,10.95575221,1,6,0,0,1
121,6639,469,0,14.15565032,4,8,0,0,0
39,1180,166,2,7.108433735,1,27,0,2,1
32,881,101,0,8.722772277,0,0,0,0,1
66,1894,224,0,8.455357143,5,9,0,0,1
35,1603,155,0,10.34193548,1,2,0,0,0
79,1432,201,0,7.124378109,1,28,0,5,0
47,1196,163,3,7.337423313,9,2,0,0,1
53,2516,145,3,17.35172414,1,20,0,0,0
78,1830,190,0,9.631578947,9,2,0,0,0
118,3032,391,0,7.754475703,5,42,0,2,0
31,705,122,2,5.778688525,2,12,0,0,1
52,1316,245,2,5.371428571,1,21,0,1,0
130,4367,599,6,7.29048414,12,4,0,2,1
27,669,73,0,9.164383562,2,2,0,0,0
24,479,62,0,7.725806452,2,1,0,0,0
109,3383,406,6,8.332512315,10,6,0,0,1
40,1306,140,2,9.328571429,3,9,0,3,0
67,2298,315,1,7.295238095,1,41,0,6,1
70,1981,311,1,6.36977492,4,1,0,0,0
44,1312,123,0,10.66666667,3,8,0,0,1
38,1354,99,0,13.67676768,1,9,0,0,0
117,1848,341,1,5.419354839,19,6,0,0,1
50,1339,215,0,6.227906977,1,22,0,2,1
400,15289,1428,6,10.70658263,11,1,0,3,1
97,2771,454,0,6.103524229,6,8,0,5,1
20,446,80,1,5.575,1,11,0,2,1
1175,32200,3853,70,8.357124319,49,8,0,7,0
49,1280,159,0,8.050314465,4,4,0,0,1
59,1812,291,3,6.226804124,1,15,0,0,0
94,2540,377,5,6.737400531,3,1,0,2,0
25,555,92,0,6.032608696,3,2,0,0,1
16,549,107,3,5.130841121,1,14,0,1,1
50,1727,131,1,13.18320611,1,15,0,0,0
91,2022,300,2,6.74,15,2,0,0,1
86,2343,368,3,6.366847826,1,30,0,0,1
173,2421,406,0,5.963054187,12,16,0,0,0
41,1102,154,4,7.155844156,1,15,0,0,1
8,215,32,0,6.71875,0,0,0,0,1
20,376,79,0,4.759493671,1,7,0,1,0
62,2209,346,8,6.384393064,2,21,0,3,0
41,723,105,0,6.885714286,7,2,0,0,1
113,4523,482,9,9.383817427,4,5,0,0,1
79,2001,358,0,5.589385475,13,2,0,0,1
31,1047,201,2,5.208955224,1,13,0,1,0
104,2521,336,4,7.50297619,12,2,0,0,1
81,1849,313,3,5.907348243,4,14,0,1,0
18,376,59,1,6.372881356,1,11,0,1,1
16,327,87,1,3.75862069,1,11,0,1,1
29,901,153,1,5.888888889,1,15,0,1,1
19,354,45,45,7.866666667,1,10,0,1,0
310,13898,1524,32,9.119422572,43,27,2,2,1
80,1986,228,0,8.710526316,11,2,0,0,0
30,666,85,0,7.835294118,0,0,0,0,0
174,6648,669,1,9.937219731,6,19,0,3,1
44,1179,140,0,8.421428571,4,6,0,0,0
41,1282,142,1,9.028169014,3,11,1,1,1
162,3846,439,5,8.760820046,10,19,0,0,0
40,1278,205,1,6.234146341,2,4,0,0,1
82,2670,386,6,6.917098446,6,8,0,4,1
12,181,33,0,5.484848485,1,3,0,0,0
57,1693,164,1,10.32317073,5,3,0,1,1
93,3179,272,1,11.6875,7,4,0,0,0
50,1225,168,1,7.291666667,1,31,0,4,0
49,1376,174,0,7.908045977,15,0,0,0,1
74,2265,279,3,8.11827957,5,4,0,3,1
89,2518,287,2,8.773519164,2,2,0,1,0
119,3927,356,0,11.03089888,7,2,0,0,1
13,287,32,0,8.96875,0,0,0,0,1
126,2997,378,4,7.928571429,9,7,0,0,0
32,646,101,2,6.396039604,2,8,0,1,1
46,1598,165,0,9.684848485,1,27,0,0,0
711,21407,2487,70,8.607559308,47,19,5,2,0
73,1797,188,1,9.558510638,2,7,0,0,0
66,1544,172,2,8.976744186,5,3,0,1,0
119,3099,451,7,6.871396896,7,9,0,1,1
22,756,99,1,7.636363636,2,9,0,1,1
37,854,149,3,5.731543624,1,20,0,1,1
271,11594,992,9,11.6875,17,31,0,2,0
40,1165,159,0,7.327044025,1,7,0,1,1
76,3142,293,3,10.72354949,2,9,0,2,1
57,1072,226,0,4.743362832,2,4,0,0,0
43,1031,112,0,9.205357143,13,0,0,0,0
44,1025,162,0,6.327160494,1,21,0,4,1
78,2082,278,7,7.489208633,1,10,0,0,0
38,880,99,0,8.888888889,11,0,0,0,1
180,5168,616,2,8.38961039,12,36,0,10,0
40,734,120,0,6.116666667,0,0,0,0,1
382,12962,1935,8,6.69870801,23,2,0,12,0
25,680,115,3,5.913043478,1,13,0,1,1
62,1521,232,0,6.556034483,9,1,0,1,1
51,1534,241,2,6.365145228,1,38,0,7,1
35,1087,148,0,7.344594595,1,10,0,1,1
30,681,101,0,6.742574257,3,1,0,0,1
16,473,65,2,7.276923077,1,9,0,1,0
99,2871,392,6,7.323979592,7,9,0,1,0
42,1263,195,0,6.476923077,1,2,0,0,0
22,457,76,0,6.013157895,1,2,0,0,0
37,844,125,0,6.752,9,2,0,0,0
21,416,66,0,6.303030303,3,2,0,0,1
51,964,185,0,5.210810811,1,8,0,0,0
19,414,65,0,6.369230769,0,0,0,0,1
473,10951,1309,0,8.365928189,2,148,1,0,0
61,1705,189,2,9.021164021,1,13,0,0,1
61,1566,195,0,8.030769231,7,2,0,0,0
26,646,113,3,5.716814159,1,14,0,1,1
63,1766,336,7,5.255952381,1,37,0,0,1
24,592,61,0,9.704918033,1,2,0,0,1
31,1000,100,0,10.0,5,2,0,0,1
83,2742,257,1,10.6692607,9,2,0,0,1
59,2187,242,1,9.037190083,5,2,0,0,1
43,1067,138,0,7.731884058,3,5,0,0,0
61,1369,221,0,6.194570136,9,1,0,1,0
1418,48004,5004,140,9.5931255,85,82,5,31,0
50,2275,312,0,7.291666667,4,0,0,0,0
70,1163,243,0,4.78600823,9,2,0,0,1
65,1295,269,0,4.814126394,2,5,0,0,0
263,6182,721,2,8.574202497,12,17,0,1,0
75,2783,336,0,8.282738095,2,4,1,0,1
72,1242,223,0,5.569506726,11,2,0,0,0
73,1718,201,0,8.547263682,1,2,0,0,0
42,1125,128,0,8.7890625,0,0,0,0,1
78,2065,273,3,7.564102564,1,28,0,0,0
113,2283,343,2,6.655976676,4,20,0,1,0
86,2210,317,5,6.971608833,5,2,0,2,1
21,416,66,0,6.303030303,3,2,0,0,0
96,3137,379,3,8.277044855,3,2,0,0,1
100,2441,353,1,6.915014164,8,2,0,1,0
26,770,98,0,7.857142857,1,13,0,1,0
20,649,123,0,5.276422764,1,0,0,0,0
136,3145,441,0,7.131519274,23,8,0,0,0
30,702,98,0,7.163265306,0,0,0,0,0
56,911,183,1,4.978142077,2,7,0,1,1
13,269,29,0,9.275862069,0,0,0,0,1
31,937,148,0,6.331081081,0,0,0,0,1
152,6693,640,5,10.4578125,6,17,0,0,1
64,2382,407,0,5.852579853,1,28,0,3,0
97,3339,402,5,8.305970149,6,10,0,0,1
537,19046,1696,64,11.22995283,32,7,0,0,1
203,6430,673,1,9.55423477,4,19,0,1,1
32,857,163,3,5.257668712,1,24,0,3,1
757,25569,2700,61,9.47,57,27,6,2,1
188,5144,564,2,9.120567376,4,7,0,0,0
98,3133,504,3,6.216269841,3,6,0,2,1
83,2623,336,3,7.806547619,3,3,0,0,0
85,1964,277,0,7.090252708,3,11,0,0,0
76,1759,294,0,5.982993197,4,10,0,1,1
118,4201,433,0,9.702078522,42,0,0,0,1
37,1196,223,3,5.3632287,1,15,0,2,0
92,2540,285,0,8.912280702,9,7,0,0,1
247,9470,811,13,11.67694205,2,5,0,1,0
48,1159,183,0,6.333333333,11,0,0,0,1
12,181,31,0,5.838709677,2,1,0,0,0
54,1304,254,0,5.133858268,4,0,0,0,0
25,654,72,0,9.083333333,2,2,0,0,1
45,1713,259,2,6.613899614,2,13,0,1,0
43,1511,156,3,9.685897436,1,24,0,1,1
82,1683,293,0,5.744027304,6,3,0,0,1
46,1012,195,2,5.18974359,7,2,0,0,1
32,1001,139,0,7.201438849,1,0,0,0,1
156,5269,524,0,10.05534351,31,2,0,0,0
36,1043,186,4,5.607526882,2,10,0,0,0
58,1371,217,0,6.31797235,3,1,0,0,0
27,592,83,2,7.13253012,1,17,0,1,1
72,2208,246,0,8.975609756,2,2,0,0,1
63,1857,219,0,8.479452055,4,10,0,0,1
279,6177,887,13,6.963923337,4,48,0,2,0
165,3987,554,12,7.196750903,3,2,0,0,0
71,3691,337,0,10.95252226,4,5,0,0,0
31,1027,155,2,6.625806452,1,17,0,1,1
38,1150,134,2,8.582089552,2,5,0,0,1
16,411,86,0,4.779069767,1,12,0,2,1
210,8054,734,11,10.97275204,2,5,0,1,1
82,2708,417,4,6.494004796,1,23,0,3,0
37,900,141,0,6.382978723,1,18,0,4,0
254,11243,1024,12,10.97949219,12,15,0,0,0
69,2117,369,7,5.737127371,3,24,0,4,0
541,23287,1726,32,13.49188876,5,63,0,3,0
141,3314,426,0,7.779342723,22,2,0,0,1
91,2946,388,6,9.0,0,1,0,0,1
123,2343,417,0,5.618705036,16,2,0,0,0
68,1966,219,0,8.97716895,4,11,0,3,0
58,2405,250,1,9.62,1,30,0,0,1
33,1209,127,0,9.519685039,1,2,0,0,0
93,2114,319,0,6.626959248,5,10,0,4,0
58,1706,215,0,7.934883721,3,9,0,5,0
29,1378,129,0,10.68217054,0,0,0,0,1
28,756,107,0,7.065420561,1,14,0,1,1
125,3562,557,10,6.39497307,4,6,0,1,1
65,1231,225,0,5.471111111,2,9,1,0,0
87,1769,321,4,5.510903427,2,7,0,4,0
37,1167,188,0,6.207446809,13,2,0,0,1
29,440,92,1,4.782608696,3,6,0,0,0
62,1447,173,0,8.36416185,5,7,0,0,0
108,3959,389,7,10.17737789,4,17,0,1,1
135,5267,927,3,5.681769148,4,6,0,2,0
79,1347,239,0,5.635983264,9,0,0,0,1
53,936,144,0,6.5,3,2,0,0,0
56,1742,273,0,6.380952381,0,0,0,0,0
56,1831,181,2,10.1160221,2,2,0,1,1
42,1247,148,3,8.425675676,3,2,0,0,1
131,4032,433,2,9.311778291,4,9,0,0,1
158,3079,469,0,6.565031983,25,8,0,0,1
92,2707,267,0,10.13857678,5,10,0,1,0
62,1632,233,2,7.004291845,3,4,0,1,0
81,1808,204,0,8.862745098,1,2,0,1,0
95,2252,368,3,6.119565217,8,8,0,5,1
31,937,148,0,6.331081081,0,0,0,0,0
37,656,98,0,6.693877551,19,0,0,0,1
91,2541,323,0,7.866873065,4,21,0,1,0
50,2054,278,0,7.388489209,2,8,0,0,0
102,2679,338,0,7.926035503,9,7,0,0,0
20,375,80,0,4.6875,1,7,0,1,0
34,1027,160,0,6.41875,0,0,0,0,0
115,2113,384,1,5.502604167,12,3,0,0,0
26,331,67,0,4.940298507,4,2,0,0,0
100,3490,469,3,7.441364606,3,2,0,0,0
21,450,71,0,6.338028169,3,2,0,0,0
50,1729,280,0,6.175,0,0,0,0,0
41,932,126,0,7.396825397,2,0,0,0,1
82,2706,292,1,9.267123288,2,9,0,0,1
78,2329,240,0,9.704166667,5,7,0,0,1
27,789,100,0,7.89,1,14,0,1,0
53,1327,209,4,6.349282297,3,11,0,0,1
90,3153,487,6,6.474332649,3,31,0,7,1
53,1584,242,3,6.545454545,2,10,0,3,0
29,801,94,0,8.521276596,0,0,0,0,1
103,4794,607,0,7.89785832,0,0,0,0,0
57,1955,283,5,6.908127208,1,36,0,1,1
52,1369,203,2,6.743842365,1,7,0,0,0
83,2655,340,2,7.808823529,2,4,0,0,0
74,1832,241,0,7.601659751,10,2,0,0,1
30,678,111,0,6.108108108,2,2,0,0,1
17,483,69,0,7.0,1,0,0,0,1
24,468,68,0,6.882352941,2,2,0,0,1
74,2039,219,0,9.310502283,3,13,0,0,0
33,913,146,0,6.253424658,1,14,0,1,0
66,2480,235,1,10.55319149,8,3,0,0,1
155,5213,475,4,10.97473684,15,10,0,1,1
20,395,54,0,7.314814815,2,2,0,0,0
118,3353,363,10,9.236914601,4,15,0,3,1
37,1096,176,0,6.227272727,0,0,0,0,0
78,2293,321,2,7.143302181,4,13,0,2,1
56,1480,221,0,6.696832579,0,0,0,1,0
90,2361,344,0,6.863372093,5,18,0,0,1
144,2826,359,3,7.871866295,5,2,0,1,0
48,1037,162,2,6.401234568,7,2,0,0,1
36,1187,168,0,7.06547619,0,0,0,0,0
85,2187,362,2,6.041436464,2,25,0,6,1
15,317,55,0,5.763636364,1,7,0,1,1
90,4365,433,0,10.08083141,5,4,0,0,1
79,2175,364,5,5.975274725,4,9,0,6,1
57,1101,152,0,7.243421053,8,2,0,0,0
56,1371,269,0,5.096654275,3,0,0,0,0
77,984,192,0,5.125,6,3,0,0,0
59,1932,244,0,7.918032787,1,21,0,0,0
114,3614,407,0,8.87960688,8,11,0,0,1
384,11145,1358,20,8.206921944,32,4,5,2,0
98,2234,332,0,6.728915663,13,2,0,0,1
164,5601,589,1,9.509337861,2,25,0,0,0
146,5289,556,4,9.512589928,5,16,0,2,0
110,3394,465,11,7.298924731,6,24,0,4,0
74,2435,405,0,6.012345679,0,0,0,0,1
34,886,130,1,6.815384615,1,18,0,1,1
234,6220,851,13,7.309048179,15,8,1,6,0
98,3878,307,0,12.63192182,1,33,0,1,0
169,3449,536,0,6.434701493,33,2,0,0,1
66,1769,311,0,5.688102894,6,1,0,0,1
73,2487,359,0,6.927576602,2,8,0,0,0
42,1468,175,0,8.388571429,1,16,0,0,0
45,1684,288,11,5.847222222,1,35,0,3,0
90,2756,350,9,7.874285714,5,6,0,4,1
108,3376,401,0,8.418952618,5,7,0,0,1
79,2470,292,3,8.45890411,7,2,0,0,0
52,1593,199,0,8.005025126,5,2,0,0,1
73,1772,187,1,9.475935829,2,7,0,0,0
16,363,72,0,5.041666667,1,5,0,1,1
62,1700,255,0,6.666666667,4,13,0,3,0
53,1423,137,0,10.38686131,5,2,0,0,1
35,1002,172,0,5.825581395,0,0,0,0,0
49,1726,159,1,10.85534591,2,3,0,0,1
10,223,41,0,5.43902439,1,2,0,0,1
1638,41820,4786,37,8.737985792,41,11,1,17,0
54,1241,135,0,9.192592593,4,3,0,0,1
27,813,167,1,4.868263473,1,20,0,4,1
7,130,20,0,6.5,1,2,0,0,0
31,872,110,3,7.927272727,1,9,0,0,1
340,13478,1188,18,11.34511785,10,5,0,3,0
145,6175,550,5,11.22727273,2,11,0,2,0
21,457,66,0,6.924242424,1,4,0,0,1
89,2639,277,2,9.527075812,2,2,0,1,0
55,1389,182,0,7.631868132,1,14,0,2,0
26,734,105,0,6.99047619,1,12,0,1,1
117,3631,416,0,8.728365385,3,18,0,3,0
113,4787,471,0,10.16348195,1,13,0,1,1
148,2237,358,0,6.248603352,12,14,0,0,0
41,1338,118,0,11.33898305,1,13,0,0,1
100,3248,414,4,7.845410628,7,3,0,0,1
64,1270,209,0,6.076555024,11,2,0,0,0
117,3373,338,1,9.979289941,6,3,0,0,1
65,1928,382,5,5.047120419,2,24,0,5,1
163,3917,562,0,6.96975089,23,2,0,0,0
21,485,63,0,7.698412698,2,2,0,0,1
71,2047,341,4,6.002932551,1,13,0,0,0
53,1572,248,2,6.338709677,2,8,0,1,1
32,783,83,2,9.43373494,1,7,0,0,1
5,84,11,0,7.636363636,0,0,0,0,0
56,1856,181,2,10.25414365,3,6,0,3,1
83,2418,282,1,8.574468085,6,3,0,0,0
220,7406,916,19,8.085152838,32,3,0,2,1
80,2885,249,0,11.58634538,3,10,0,0,0
93,2900,474,1,6.11814346,5,3,0,0,0
44,1036,163,0,6.355828221,1,19,0,1,0
35,978,187,0,5.229946524,11,2,0,0,1
46,1121,148,0,7.574324324,4,2,0,0,0
40,1202,120,2,10.01666667,2,5,0,0,1
32,936,172,0,5.441860465,1,0,0,0,0
23,542,96,0,5.645833333,5,2,0,0,1
35,1002,139,0,7.208633094,1,7,0,0,0
48,1449,224,2,6.46875,1,6,0,0,0
48,1132,143,1,7.916083916,2,9,0,0,1
426,19549,1755,37,11.13903134,15,22,0,2,0
163,5211,586,1,8.892491468,14,3,0,0,0
36,1339,111,1,12.06306306,2,1,0,0,1
84,2438,302,4,8.072847682,6,7,0,0,1
61,1777,316,1,5.623417722,2,2,0,0,0
15,535,72,2,7.430555556,1,12,0,1,0
54,1458,174,0,8.379310345,2,16,0,0,1
1201,37132,4232,137,8.774102079,73,50,5,10,0
108,4090,329,3,12.43161094,3,33,0,0,0
81,2069,362,6,5.715469613,1,19,0,0,0
61,1090,210,3,5.19047619,1,29,0,2,0
64,2575,192,2,13.41145833,4,2,0,0,1
76,1451,248,0,5.850806452,6,2,0,0,0
44,1422,121,0,11.75206612,3,7,0,0,0
76,1854,190,1,9.757894737,2,7,0,0,0
42,635,107,0,5.934579439,7,2,0,0,1
41,707,106,0,6.669811321,7,2,0,0,1
316,6633,882,12,7.520408163,10,59,1,3,0
126,4228,386,1,10.95336788,10,3,0,0,1
44,1578,149,2,10.59060403,1,11,0,0,1
150,4818,629,4,7.659777424,7,2,0,0,1
146,3981,519,3,7.670520231,8,2,0,1,1
87,2664,308,4,8.649350649,3,11,0,0,1
61,1290,216,0,5.972222222,3,2,0,0,1
68,2039,225,3,9.062222222,0,0,0,1,1
59,1391,271,0,5.132841328,5,0,0,0,0
46,1370,249,4,5.502008032,1,27,0,2,0
33,980,153,0,6.405228758,0,0,0,0,1
44,1402,260,2,5.392307692,1,23,0,3,0
54,1621,262,0,6.187022901,3,9,0,0,1
48,1520,221,0,6.877828054,0,0,0,0,1
36,1073,184,0,5.831521739,2,0,0,0,0
33,1094,86,0,12.72093023,1,6,0,0,0
81,2617,282,1,9.280141844,2,9,0,0,1
48,996,162,0,6.148148148,5,6,0,0,0
59,2105,201,1,10.47263682,1,17,0,1,1
40,1359,203,2,6.694581281,1,22,0,1,1
43,1253,190,2,6.594736842,1,26,0,2,0
36,609,111,1,5.486486486,1,2,0,1,1
314,10890,977,9,11.14636643,12,15,0,0,0
37,1666,101,0,16.4950495,1,8,0,0,0
47,1228,163,3,7.533742331,9,2,0,0,1
84,3047,253,1,12.04347826,6,12,0,0,0
139,3301,620,3,5.324193548,12,2,0,0,1
47,984,172,0,5.720930233,0,0,0,0,1
68,1962,250,2,7.848,6,8,0,0,0
156,6301,591,10,10.66159052,6,12,0,1,0
692,29000,2424,33,11.96369637,11,110,0,7,0
63,1105,216,3,5.115740741,9,4,0,0,1
161,4786,590,11,8.111864407,5,12,0,1,0
57,1649,189,2,8.724867725,1,24,0,0,0
51,1635,161,0,10.1552795,2,4,0,0,1
24,919,122,2,7.532786885,1,19,0,3,0
193,4261,682,6,6.247800587,4,24,0,4,0
60,1578,178,0,8.865168539,1,16,0,1,0
41,988,94,0,10.5106383,5,2,0,0,0
108,3032,500,4,6.064,2,7,0,0,0
29,734,111,0,6.612612613,1,2,0,0,1
147,5596,466,4,12.00858369,2,20,0,1,0
60,2348,187,2,12.55614973,4,2,0,0,1
59,1783,193,2,9.238341969,1,23,0,0,0
5,65,11,0,5.909090909,0,0,0,0,0
39,1035,162,0,6.388888889,1,15,0,2,1
52,1526,168,0,9.083333333,4,3,0,0,1
57,1747,189,0,9.243386243,2,11,0,0,1
22,451,69,0,6.536231884,3,2,0,0,1
35,820,116,0,7.068965517,1,3,0,0,1
63,1906,228,0,8.359649123,3,11,0,5,1
70,2233,234,0,9.542735043,4,11,0,3,1
59,1188,192,0,6.1875,4,0,0,0,0
74,1330,252,0,5.277777778,2,11,1,0,0
61,1971,198,0,9.954545455,3,2,0,0,0
67,1771,332,0,5.334337349,19,2,0,0,1
149,3535,513,4,6.890838207,4,7,0,1,0
64,2377,406,0,5.854679803,1,28,0,3,1
34,998,135,0,7.392592593,1,17,0,3,0
88,2999,309,5,9.705501618,3,10,0,0,1
228,8699,1166,0,7.460548885,0,0,0,0,1
1301,40086,4584,166,8.744764398,77,43,5,2,0
120,2880,510,0,5.647058824,6,2,0,1,0
52,1771,264,0,6.708333333,2,23,0,0,1
37,763,109,2,7.0,1,17,1,0,0
37,1152,206,5,5.59223301,1,24,0,5,0
60,1478,266,3,5.556390977,2,30,0,5,1
31,695,121,0,5.743801653,4,4,4,0,1
103,3425,461,5,7.429501085,10,6,0,0,0
129,3357,393,4,8.541984733,10,3,0,1,1
106,3332,364,3,9.153846154,2,36,0,2,0
17,328,42,0,7.80952381,4,0,0,0,0
124,4254,473,1,8.993657505,6,9,0,2,1
70,2291,240,1,9.545833333,2,2,0,0,1
65,1491,183,0,8.147540984,5,7,0,0,0
96,2535,404,5,6.274752475,2,7,0,0,1
142,4660,524,4,8.893129771,6,10,0,0,1
5,69,11,0,6.272727273,0,0,0,0,0
39,1191,175,4,6.805714286,2,16,0,2,1
36,708,113,0,6.265486726,3,2,0,0,1
36,1064,177,0,6.011299435,1,2,0,0,0
57,1028,167,0,6.155688623,4,0,0,0,0
37,648,105,0,6.171428571,7,2,0,0,0
5,62,11,0,5.636363636,0,0,0,0,0
74,2148,285,1,7.536842105,2,2,0,0,0
57,910,165,0,5.515151515,10,2,0,0,1
9,258,36,0,7.166666667,0,0,0,0,1
92,2461,312,3,7.887820513,6,11,0,0,1
18,437,75,0,5.826666667,0,0,0,0,1
46,1267,111,0,11.41441441,1,6,0,0,0
244,7542,860,24,8.769767442,8,15,0,3,0
164,5294,621,0,8.524959742,14,2,0,0,0
64,1294,181,2,7.149171271,3,14,0,0,1
48,1656,261,4,6.344827586,2,16,0,2,0
102,1959,341,0,5.744868035,12,2,0,0,0
38,1215,197,7,6.16751269,2,22,0,1,0
217,5614,675,21,8.317037037,5,14,0,3,0
39,1327,248,0,5.350806452,0,0,0,0,0
8,170,27,0,6.296296296,0,0,0,0,1
117,3936,354,0,11.11864407,7,2,0,0,0
39,939,177,1,5.305084746,1,5,0,0,0
37,808,153,3,5.281045752,4,7,0,3,1
91,3237,333,1,9.720720721,5,17,0,1,0
40,1158,122,0,9.491803279,5,2,0,0,1
48,1229,195,2,6.302564103,1,6,0,0,0
5,87,11,0,7.909090909,0,0,0,0,0
94,2642,402,1,6.572139303,4,2,0,0,1
65,1359,202,1,6.727722772,2,6,0,4,0
44,1615,179,0,9.022346369,1,5,0,0,1
55,2591,444,4,5.835585586,1,22,0,1,0
30,1047,191,3,5.481675393,1,14,0,1,0
154,4924,648,4,7.598765432,1,88,2,1,1
127,4319,438,4,9.860730594,5,9,0,3,0
103,2845,373,0,7.627345845,17,2,0,0,1
62,2365,406,10,5.825123153,2,25,0,7,0
112,4537,393,5,11.54452926,6,10,0,2,1
43,1060,194,3,5.463917526,1,18,0,1,0
153,6201,693,4,8.948051948,6,8,0,0,0
18,462,74,0,6.243243243,1,0,0,0,1
46,1384,285,3,4.856140351,3,9,0,3,1
23,568,66,2,8.606060606,1,16,0,1,1
881,35500,3536,109,10.03959276,64,7,0,14,0
40,1020,168,1,6.071428571,1,19,0,2,1
19,396,76,0,5.210526316,1,7,0,1,1
95,3424,440,1,7.781818182,6,3,0,0,1
76,1960,274,0,7.153284672,5,9,0,0,0
49,1622,336,3,4.827380952,3,10,0,9,0
69,2186,320,3,6.83125,4,10,0,6,0
100,2932,342,8,8.573099415,2,8,0,0,0
267,9542,1394,7,6.845050215,24,2,0,10,1
131,2961,378,0,7.833333333,6,15,0,0,0
76,1397,256,2,5.45703125,12,2,0,0,1
60,1181,258,0,4.57751938,2,9,1,0,1
55,1842,207,2,8.898550725,8,2,0,0,0
57,1274,246,0,5.178861789,2,7,1,0,1
32,784,105,0,7.466666667,3,4,0,0,0
41,1107,174,1,6.362068966,1,22,0,2,1
85,2566,443,0,5.792325056,5,2,0,0,0
50,1332,207,2,6.434782609,1,2,0,0,0
179,5883,714,5,8.239495798,12,6,0,0,0
70,2112,227,3,9.303964758,7,6,0,0,1
49,1163,151,0,7.701986755,1,13,0,0,0
17,334,51,0,6.549019608,1,0,0,0,1
42,1174,103,1,11.39805825,2,5,0,0,0
43,1454,216,3,6.731481481,1,25,0,1,1
54,2072,197,1,10.5177665,3,15,0,0,0
79,2579,285,1,9.049122807,2,9,0,0,1
93,3136,318,1,9.86163522,6,10,0,0,1
102,1975,335,0,5.895522388,12,2,0,0,0
28,744,88,0,8.454545455,2,4,0,0,1
54,1640,303,1,5.412541254,3,12,0,5,0
67,2534,206,3,12.30097087,2,10,0,0,0
47,1585,297,3,5.336700337,4,7,0,3,0
84,2614,254,0,10.29133858,7,7,0,0,1
336,8956,1166,20,7.680960549,19,5,0,0,1
26,643,72,0,8.930555556,1,2,0,0,1
27,655,112,0,5.848214286,1,11,0,1,0
70,1705,224,1,7.611607143,1,13,0,1,0
89,3386,338,2,10.01775148,2,10,0,1,1
15,536,72,2,7.444444444,1,12,0,1,0
171,3836,767,0,5.001303781,13,2,0,0,0
87,1634,320,0,5.10625,7,2,0,0,0
49,987,152,0,6.493421053,1,3,0,0,0
376,13480,1616,24,8.341584158,42,23,2,2,1
883,26491,3137,90,8.444692381,57,27,5,2,0
128,4905,442,7,11.09728507,2,21,0,1,1
11,316,48,0,6.583333333,2,0,0,0,1
66,1777,184,0,9.657608696,5,7,0,0,1
209,5424,779,14,6.962772786,13,2,0,0,0
18,566,74,0,7.648648649,0,0,0,0,0
19,389,81,0,4.802469136,1,7,0,1,1
46,1492,147,2,10.14965986,2,2,0,0,1
69,2055,238,0,8.634453782,3,3,0,0,1
89,4487,349,0,12.85673352,6,5,0,2,1
292,5760,745,14,7.731543624,5,1,0,2,0
44,1615,179,0,9.022346369,1,5,0,0,0
35,1596,155,0,10.29677419,1,2,0,0,0
55,1300,253,2,5.138339921,1,18,0,2,0
37,1090,145,4,7.517241379,1,13,0,0,1
41,937,142,0,6.598591549,4,2,0,0,1
77,2848,339,2,8.401179941,4,17,0,0,0
79,1589,288,0,5.517361111,6,2,0,0,0
57,978,166,0,5.891566265,10,2,0,0,0
39,771,121,0,6.371900826,6,2,0,0,1
78,2390,209,0,11.4354067,3,17,0,0,0
41,1157,147,5,7.870748299,1,16,0,1,1
15,356,60,0,5.933333333,1,0,0,0,1
7,130,20,0,6.5,1,2,0,0,0
42,1293,215,0,6.013953488,1,2,0,0,1
80,2536,453,0,5.598233996,1,7,0,0,1
88,2219,318,2,6.977987421,3,7,0,3,0
91,2213,264,0,8.382575758,13,2,0,0,0
69,2278,322,3,7.074534161,4,10,0,6,0
28,841,146,0,5.760273973,12,2,0,0,1
82,1550,314,0,4.936305732,19,2,0,0,0
77,1631,244,3,6.68442623,4,6,0,0,0
55,1459,158,3,9.234177215,1,22,0,0,0
49,1457,273,2,5.336996337,1,12,0,1,0
201,4145,725,0,5.717241379,54,2,0,0,0
174,6305,536,6,11.7630597,7,4,0,5,0
89,2289,275,0,8.323636364,6,3,0,0,0
95,3331,359,1,9.278551532,5,22,0,0,0
165,5708,644,2,8.863354037,5,17,0,2,0
58,1745,100,0,9.694444444,11,2,0,0,0
174,3915,578,9,6.773356401,3,46,0,1,1
77,1958,297,0,6.592592593,4,3,0,0,0
57,885,190,0,4.657894737,9,2,0,0,0
997,29342,3513,118,8.352405352,62,31,5,2,0
44,722,111,0,6.504504505,19,0,0,0,0
22,593,60,0,9.883333333,0,0,0,0,1
38,1372,255,3,5.380392157,1,15,0,1,0
17,245,47,0,5.212765957,1,2,0,0,1
143,4640,527,6,8.80455408,9,18,0,2,1
76,1973,227,0,8.691629956,3,8,0,0,0
264,9906,945,8,10.48253968,6,50,0,2,0
88,2358,288,0,8.1875,3,14,0,0,0
25,610,108,0,5.648148148,1,10,0,1,0
40,1288,197,2,6.538071066,2,5,0,0,0
86,2760,358,0,7.709497207,3,14,0,2,1
152,4071,462,4,8.811688312,11,3,0,0,0
50,1281,180,0,7.116666667,1,2,0,0,1
27,599,106,0,5.650943396,1,12,0,1,0
80,1852,273,0,6.783882784,6,2,0,0,1
31,809,143,1,5.657342657,1,15,0,1,1
86,1581,258,0,6.127906977,16,2,0,0,0
59,1626,259,3,6.277992278,2,10,0,3,1
108,3842,677,0,5.675036928,0,0,0,0,0
87,1640,256,0,6.40625,16,2,0,0,0
328,14555,1359,9,10.71008094,9,20,0,4,0
22,858,170,0,5.047058824,0,0,0,0,1
29,653,111,1,5.882882883,1,12,0,0,0
69,2594,364,0,7.126373626,1,21,0,0,1
25,514,90,0,5.711111111,2,2,0,0,0
124,2495,431,0,5.788863109,16,2,0,0,0
35,1152,200,0,5.76,1,9,0,2,1
52,1655,154,1,10.74675325,4,2,0,0,1
58,1340,192,0,6.979166667,2,2,0,0,0
92,2781,279,0,9.967741935,8,7,0,0,1
75,1569,257,0,6.105058366,4,15,0,0,0
137,4803,502,6,9.567729084,4,14,0,1,1
45,1370,289,3,4.740484429,1,15,0,1,1
18,368,57,0,6.456140351,0,0,0,0,0
138,5229,464,3,11.26939655,5,2,0,1,0
70,1952,219,2,8.913242009,7,13,1,0,1
87,1334,231,0,5.774891775,3,4,0,0,0
54,964,144,0,6.694444444,2,7,0,2,0
97,3162,298,0,10.61073826,3,10,0,0,1
37,1001,136,4,7.360294118,1,13,0,0,1
40,1033,109,0,9.47706422,15,0,0,0,0
34,510,100,2,5.1,4,2,0,0,1
501,16814,2113,27,7.957406531,16,2,0,4,1
34,1015,161,0,6.304347826,1,16,0,1,0
47,1267,147,0,8.619047619,5,4,0,1,0
49,1132,139,1,8.143884892,1,17,0,0,0
112,3292,353,2,9.325779037,4,7,0,0,1
84,2226,313,2,7.111821086,8,7,0,1,1
52,1535,157,0,9.777070064,2,5,0,0,1
74,4640,823,4,5.637910085,1,26,0,4,0
47,993,162,0,6.12962963,1,12,0,0,0
64,2073,188,0,11.02659574,3,9,0,0,1
70,2522,211,0,11.95260664,23,0,0,0,1
83,2071,367,3,5.643051771,2,6,0,4,1
72,1862,339,4,5.787610619,1,13,0,0,0
96,3146,300,0,10.48666667,4,2,0,0,1
122,4592,482,10,9.526970954,2,54,0,5,0
59,2029,148,0,13.70945946,2,8,0,0,0
209,6426,786,18,8.175572519,29,2,0,1,0
48,1373,199,2,6.899497487,4,10,0,0,0
45,1407,246,0,5.719512195,1,19,0,1,1
55,1601,190,1,8.426315789,1,18,0,0,1
28,597,74,1,8.067567568,1,8,0,1,0
63,2286,175,0,13.06285714,3,4,0,0,1
49,1165,127,0,9.173228346,3,3,0,0,1
56,2390,428,0,5.58411215,0,0,0,0,1
31,997,168,2,5.93452381,2,20,0,2,1
100,2604,436,0,5.972477064,2,24,1,0,1
48,1648,182,0,9.054945055,0,0,0,0,1
42,1304,131,0,9.954198473,1,6,0,0,1
71,2039,340,4,5.997058824,1,13,0,0,0
74,1379,247,0,5.582995951,11,2,0,0,1
45,955,119,0,8.025210084,1,12,0,0,0
95,1727,284,0,6.080985915,18,2,0,0,0
141,4275,575,6,7.434782609,13,9,0,0,1
24,920,122,2,7.540983607,1,19,0,3,0
16,351,49,1,7.163265306,1,10,0,1,1
54,1226,234,2,5.239316239,9,2,0,0,1
29,850,154,0,5.519480519,0,0,0,0,0
50,1077,154,0,6.993506494,6,2,0,0,1
50,996,130,0,7.661538462,9,2,0,0,1
24,545,67,0,8.134328358,3,2,0,0,1
135,4165,503,3,8.280318091,5,14,0,2,1
24,493,90,1,5.477777778,1,2,0,0,1
10,230,31,0,7.419354839,1,0,0,0,1
53,1466,205,0,7.151219512,2,4,0,0,0
306,11950,1128,15,10.59397163,10,14,0,3,0
159,5224,575,0,9.085217391,31,2,0,0,1
102,2948,428,6,6.887850467,8,1,0,0,1
30,787,128,1,6.1484375,1,13,0,2,0
68,1940,219,0,8.858447489,1,2,0,0,1
144,4421,603,3,7.331674959,1,81,2,1,0
51,1740,214,0,8.130841121,1,18,0,0,0
111,2600,422,0,6.161137441,9,2,0,0,0
28,695,107,0,6.495327103,1,12,0,1,0
151,4351,643,3,6.766718507,9,7,0,0,1
63,1495,220,0,6.795454545,3,2,0,4,1
41,1058,125,0,8.464,4,4,0,1,0
140,3942,418,1,9.43062201,5,15,0,8,0
43,1106,180,5,6.144444444,1,17,0,1,1
144,4780,445,5,10.74157303,12,6,0,0,1
34,720,90,0,8.0,5,2,0,0,0
68,1433,252,0,5.686507937,7,2,0,0,0
30,1449,164,0,8.835365854,2,8,0,0,1
28,659,118,0,5.584745763,1,12,0,1,1
78,2103,246,0,8.548780488,8,2,0,2,0
195,5970,596,6,10.01677852,21,11,0,1,1
63,1157,210,3,5.50952381,2,2,0,1,0
120,3271,369,0,8.864498645,4,3,2,0,1
37,944,163,0,5.791411043,2,2,0,0,0
34,1027,160,0,6.41875,0,0,0,0,1
164,6776,763,12,8.880733945,7,9,0,2,1
32,959,168,0,5.708333333,1,13,0,1,0
127,2096,369,0,5.680216802,24,2,0,0,0
95,1943,371,0,5.237196765,7,3,0,0,1
25,630,87,0,7.24137931,3,2,0,0,1
1150,37070,4054,121,9.144055254,71,53,5,15,0
86,3105,266,0,11.67293233,1,55,0,4,0
37,1327,130,0,10.20769231,1,14,0,1,1
51,1172,157,0,7.464968153,1,19,0,2,0
95,2462,345,0,7.136231884,5,22,0,0,0
166,4270,558,13,7.652329749,13,32,0,0,1
41,1136,154,0,7.376623377,2,17,0,1,1
88,3295,302,4,10.91059603,6,15,0,0,1
264,5288,816,0,6.480392157,24,2,0,0,0
54,2690,230,0,11.69565217,3,5,0,0,0
51,963,134,1,7.186567164,4,2,0,0,1
82,2408,385,3,6.254545455,3,10,0,9,0
50,1393,179,0,7.782122905,1,0,0,0,0
30,919,91,0,10.0989011,2,2,0,0,0
158,2800,507,0,5.522682446,19,2,0,0,0
55,1501,269,0,5.579925651,1,2,0,0,1
33,1021,189,0,5.402116402,1,12,0,2,0
53,1789,273,0,6.553113553,0,0,0,0,0
130,2263,400,0,5.6575,24,2,0,0,1
81,2161,354,2,6.104519774,2,25,0,6,0
82,1561,255,0,6.121568627,16,2,0,0,0
47,1344,201,0,6.686567164,1,14,0,0,1
134,4320,528,4,8.181818182,5,9,0,3,1
61,1494,150,0,9.96,5,6,0,0,0
174,5938,682,18,8.706744868,19,8,0,1,1
37,1136,164,0,6.926829268,3,4,0,0,1
69,3752,607,0,6.18121911,9,0,0,0,0
67,1857,318,2,5.839622642,2,8,0,2,1
49,682,143,0,4.769230769,6,2,0,0,1
63,1533,300,0,5.11,3,4,0,0,1
37,1175,120,1,9.791666667,2,5,0,0,1
24,775,131,0,5.916030534,0,0,0,0,1
90,1715,312,4,5.496794872,11,2,0,0,1
77,1281,218,0,5.876146789,14,2,0,0,0
84,3419,332,1,10.29819277,8,4,0,0,0
117,3356,385,7,8.716883117,2,2,0,1,1
79,1869,309,2,6.048543689,4,2,0,0,1
55,1182,141,0,8.382978723,3,3,0,0,0
21,555,65,0,8.538461538,12,0,0,0,1
63,1358,263,0,5.163498099,0,0,0,0,1
28,858,114,0,7.526315789,1,9,0,0,1
871,27894,3099,82,9.000968054,57,27,5,2,0
146,2820,577,0,4.887348354,12,2,0,0,0
59,958,171,0,5.602339181,10,2,0,0,0
43,1426,237,4,6.016877637,2,16,0,1,0
25,722,135,0,5.348148148,0,0,0,0,0
21,409,74,0,5.527027027,2,4,0,0,1
37,1553,181,0,8.580110497,16,2,0,0,0
101,2655,259,6,10.25096525,3,10,0,0,0
56,1617,202,1,8.004950495,7,2,0,0,1
117,2258,422,0,5.3507109,13,2,0,0,1
32,863,129,1,6.689922481,1,16,0,1,1
90,2496,304,5,8.210526316,5,8,0,0,1
72,2672,305,2,8.760655738,3,18,0,0,0
97,1900,338,0,5.621301775,12,14,0,0,1
21,710,132,0,5.378787879,0,0,0,0,0
178,4305,647,5,6.653786708,10,19,0,2,1
123,1871,389,0,4.809768638,19,2,0,0,0
41,1125,152,0,7.401315789,1,8,0,1,0
18,356,51,0,6.980392157,0,0,0,0,1
95,2850,276,0,10.32608696,6,2,0,0,1
145,3627,455,3,7.971428571,11,3,0,0,1
70,1617,203,0,7.965517241,9,8,0,0,0
59,1543,167,0,9.239520958,7,2,0,0,1
36,949,112,0,8.473214286,0,0,0,0,0
57,1074,176,1,6.102272727,10,2,0,0,1
17,232,37,0,6.27027027,1,2,0,0,0
199,6547,758,9,8.637203166,17,5,0,2,0
68,1679,219,0,7.666666667,3,10,0,0,0
59,2833,202,0,14.02475248,3,2,0,0,0
29,1297,181,0,7.165745856,1,12,0,0,0
42,1099,148,0,7.425675676,2,9,0,1,0
70,2086,210,3,9.933333333,3,9,0,0,1
17,356,78,0,4.564102564,1,5,0,1,0
84,2554,309,1,8.265372168,3,17,0,1,0
54,1070,246,0,4.349593496,3,4,0,2,0
45,1211,205,1,5.907317073,1,16,0,0,1
164,7847,850,0,9.231764706,0,0,0,0,1
62,1629,205,0,7.946341463,7,2,0,0,0
37,1034,212,5,4.877358491,1,24,0,5,0
67,1587,191,0,8.308900524,6,3,0,0,0
180,5359,455,9,11.77802198,2,7,0,0,0
41,1079,203,0,5.315270936,1,12,0,1,1
54,1581,229,0,6.903930131,2,23,0,0,0
243,6849,845,20,8.105325444,6,29,0,2,0
54,1422,137,1,10.37956204,5,2,0,0,1
692,24647,2575,64,9.571650485,32,8,0,0,0
57,895,149,0,6.006711409,1,14,0,4,0
129,4958,511,1,9.702544031,14,2,0,0,1
86,3855,280,0,13.76785714,5,5,0,2,0
22,425,63,0,6.746031746,0,0,0,0,1
55,1146,188,0,6.095744681,13,2,0,0,0
49,1446,275,3,5.258181818,1,15,0,1,0
56,992,156,0,6.358974359,3,4,0,0,0
33,832,146,1,5.698630137,1,17,0,1,1
46,695,137,1,5.072992701,4,2,0,0,1
18,332,46,0,7.217391304,1,4,0,0,0
163,4573,466,7,9.813304721,5,1,0,0,0
62,1779,216,3,8.236111111,5,2,1,0,1
45,115,189,2,5.899470899,1,12,0,0,0
164,2764,546,0,5.062271062,18,2,0,0,0
68,2347,232,1,10.11637931,3,14,0,2,1
36,1463,147,0,9.952380952,1,5,0,0,0
178,3372,534,0,6.314606742,34,2,0,0,0
104,2323,272,0,8.540441176,2,5,1,0,0
99,3035,324,0,9.367283951,8,2,0,1,1
57,2283,229,2,9.969432314,15,2,0,0,0
32,997,148,2,6.736486486,1,17,0,1,0
68,2258,202,0,11.17821782,5,7,0,0,0
72,2676,503,4,5.320079523,1,22,0,1,1
130,3493,470,4,7.431914894,4,2,0,0,1
98,2883,465,1,6.2,4,2,0,0,0
106,2827,323,4,8.752321981,7,2,0,1,0
84,2409,387,3,6.224806202,3,10,0,9,0
26,609,104,0,5.855769231,2,2,0,0,1
105,2891,446,2,6.48206278,14,2,0,0,0
22,351,64,0,5.484375,3,2,0,0,0
24,468,68,0,6.882352941,2,2,0,0,1
33,833,85,0,9.8,3,4,0,0,1
57,924,172,0,5.372093023,10,2,0,0,1
252,8669,890,11,9.740449438,6,31,0,2,0
33,856,125,1,6.848,1,18,0,1,0
115,3333,406,2,8.209359606,30,2,0,0,1
54,1045,184,0,5.679347826,3,2,0,0,0
113,2468,387,0,6.377260982,6,9,0,5,0
84,2655,265,1,10.01886792,6,6,0,0,0
35,964,94,0,10.25531915,3,3,0,0,0
24,775,131,0,5.916030534,0,0,0,0,0
31,865,91,0,9.505494505,0,0,0,0,0
48,1034,190,2,5.442105263,7,2,0,0,1
37,1088,143,4,7.608391608,1,13,0,0,1
38,1072,215,3,4.986046512,1,17,0,1,0
52,1200,196,6,6.12244898,1,43,0,5,1
30,736,130,0,5.661538462,1,8,0,1,1
56,1004,180,0,5.577777778,4,2,0,0,0
32,444,96,2,4.625,4,4,0,0,1
80,2203,245,2,8.991836735,3,19,0,1,1
22,505,75,0,6.733333333,1,2,0,0,1
57,1040,219,0,4.748858447,2,9,1,0,1
127,4277,567,7,7.543209877,5,14,0,2,1
37,933,88,0,10.60227273,4,2,0,0,0
115,4824,472,0,10.22033898,9,3,0,1,0
177,4941,536,4,9.218283582,6,14,0,1,0
28,762,108,0,7.055555556,1,14,0,1,1
81,2344,391,0,5.99488491,5,2,0,0,1
58,2148,173,2,12.41618497,4,2,0,0,0
80,2819,271,3,10.40221402,6,28,0,1,0
402,10616,1271,39,8.352478363,14,6,0,2,0
76,2425,225,4,10.77777778,7,4,0,0,1
52,911,159,0,5.729559748,3,2,0,0,0
52,2404,248,0,9.693548387,2,5,0,0,0
21,417,62,0,6.725806452,1,4,0,0,1
32,936,116,0,8.068965517,0,0,0,0,0
19,425,72,0,5.902777778,1,1,0,0,1
52,1589,249,4,6.381526104,1,11,0,0,0
168,3235,549,0,5.892531876,32,2,0,0,0
52,1245,143,2,8.706293706,4,2,0,1,0
59,1558,290,0,5.372413793,0,0,0,0,0
198,6927,761,5,9.102496715,8,7,0,1,1
54,1252,236,0,5.305084746,1,2,0,0,0
136,3794,591,7,6.41962775,14,4,0,0,1
27,723,100,0,7.23,6,0,0,0,1
75,2811,299,4,9.401337793,18,2,0,0,0
90,2807,357,0,7.862745098,0,0,0,0,0
64,1889,285,2,6.628070175,4,17,0,3,0
73,1184,213,0,5.558685446,6,0,0,0,1
25,1264,160,0,7.9,2,0,0,0,0
69,1777,231,4,7.692640693,2,13,0,1,1
73,2030,308,0,6.590909091,2,15,1,0,1
25,563,70,0,8.042857143,0,0,0,1,1
76,1835,190,1,9.657894737,2,7,0,0,0
47,1268,163,3,7.779141104,9,2,0,0,1
22,593,90,0,6.588888889,1,12,0,1,1
63,1542,211,1,7.308056872,2,10,0,2,0
49,1354,155,0,8.735483871,2,3,0,0,0
37,2141,311,0,6.884244373,3,0,0,0,0
39,1143,106,0,10.78301887,1,6,0,0,1
77,1299,224,0,5.799107143,14,2,0,0,0
29,518,99,2,5.232323232,1,16,0,2,0
49,1074,145,1,7.406896552,5,6,0,0,1
142,3087,464,4,6.653017241,12,2,0,0,0
174,4892,596,13,8.208053691,9,12,0,1,0
37,1205,195,1,6.179487179,1,11,0,1,1
11418,400652,41720,956,9.603355705,854,17,80,80,0
50,1256,122,0,10.29508197,2,6,0,0,0
186,9003,675,0,13.33777778,4,24,0,4,0
68,1531,183,0,8.366120219,6,7,0,0,0
37,1072,169,0,6.343195266,1,6,0,0,1
85,2085,324,1,6.435185185,3,7,0,0,0
23,703,130,1,5.407692308,1,18,0,3,0
24,653,117,3,5.581196581,2,12,0,2,1
120,4050,518,4,7.818532819,9,15,0,2,0
28,883,147,0,6.006802721,0,0,0,0,0
98,2870,487,4,5.893223819,4,12,0,1,1
66,2331,210,2,11.1,6,9,0,1,1
80,1991,266,1,7.484962406,7,2,0,1,1
49,1394,242,0,5.760330579,0,0,0,0,1
67,1943,198,3,9.813131313,6,2,0,0,0
24,472,76,0,6.210526316,4,0,0,0,0
80,2338,403,9,5.801488834,4,25,0,9,1
153,2799,464,0,6.032327586,23,2,0,0,1
62,1176,209,2,5.626794258,7,2,0,0,1
162,4026,587,10,6.858603066,7,25,0,4,1
17,536,74,2,7.243243243,1,12,0,1,0
22,491,68,0,7.220588235,3,2,0,0,1
91,2963,318,7,9.317610063,2,7,0,1,1
1166,34073,4096,135,8.318603516,70,42,5,7,0
30,705,79,0,8.924050633,1,4,0,0,1
26,735,123,0,5.975609756,1,10,0,1,0
11,229,35,0,6.542857143,1,0,0,0,1
118,4307,376,4,11.45478723,6,9,0,0,0
44,1234,191,0,6.460732984,1,14,0,0,1
9,283,41,0,6.902439024,0,0,0,0,1
73,1829,213,0,8.58685446,9,2,0,0,1
65,1767,217,0,8.142857143,6,3,0,1,1
59,1075,152,0,7.072368421,8,2,0,0,0
52,1200,141,1,8.510638298,5,2,0,1,0
25,459,69,0,6.652173913,2,2,0,0,1
129,2559,384,0,6.6640625,24,2,0,0,0
77,3352,275,5,12.18909091,7,3,0,0,1
39,1144,160,0,7.15,1,17,0,3,1
117,3318,346,5,9.589595376,2,8,0,0,0
58,914,186,0,4.913978495,6,2,0,0,0
98,1940,315,0,6.158730159,20,2,0,0,1
39,1359,194,2,7.005154639,1,22,0,2,0
59,1039,160,0,6.49375,1,22,0,2,0
45,1361,122,0,11.1557377,3,13,0,0,1
58,1657,168,0,9.863095238,4,7,0,0,1
53,1412,245,0,5.763265306,1,18,0,2,1
60,1353,320,1,4.228125,2,5,0,2,1
42,1481,123,0,12.04065041,3,3,0,0,0
47,1594,133,0,11.98496241,3,7,0,0,1
21,375,56,0,6.696428571,3,2,0,0,0
96,3588,407,2,8.815724816,5,8,0,0,0
135,3106,431,4,7.20649652,10,3,0,3,0
97,3299,315,8,10.47301587,2,16,0,1,1
188,5543,644,2,8.607142857,10,10,0,5,0
19,379,71,1,5.338028169,1,10,0,2,1
86,3115,455,9,6.846153846,2,35,0,7,0
53,1442,151,0,9.549668874,1,13,0,0,0
83,1778,332,0,5.355421687,6,2,0,0,0
37,1195,112,1,10.66964286,2,9,0,0,0
58,1541,254,0,6.066929134,1,25,0,2,1
222,5894,513,7,11.48927875,16,5,0,1,0
99,2468,348,0,7.091954023,5,22,0,0,0
16,365,79,0,4.620253165,1,5,0,1,1
79,1347,239,0,5.635983264,9,0,0,0,0
116,3122,428,0,7.294392523,9,2,0,0,0
22,295,57,0,5.175438596,3,2,0,0,0
85,1787,294,3,6.078231293,8,2,0,0,1
101,3538,298,1,11.87248322,7,11,0,0,1
63,1594,298,3,5.348993289,1,18,0,1,1
102,3650,480,2,7.604166667,2,2,0,0,0
28,1002,194,1,5.164948454,1,11,0,1,0
328,11861,1409,23,8.418026969,36,5,2,2,1
162,2721,413,0,6.588377724,11,3,0,0,0
75,2442,263,1,9.285171103,2,5,0,0,1
21,505,86,0,5.872093023,2,3,0,0,1
99,2187,308,0,7.100649351,17,2,0,0,0
57,2084,372,5,5.602150538,1,37,0,5,0
48,1997,235,1,8.49787234,15,2,0,0,1
128,2387,462,0,5.166666667,12,16,0,0,1
86,1674,289,0,5.792387543,16,2,0,0,1
110,3955,343,3,11.53061224,8,6,0,1,1
35,635,88,0,7.215909091,0,0,0,0,1
77,1747,232,1,7.530172414,7,2,0,1,0
76,1854,190,1,9.757894737,2,7,0,0,0
78,2694,443,12,6.081264108,4,27,0,9,0
96,3040,383,4,7.937336815,4,18,0,0,1
126,4471,443,3,10.09255079,6,9,0,0,0
89,2126,289,4,7.356401384,17,2,0,0,1
126,4103,458,6,8.958515284,5,7,0,2,1
44,1392,206,0,6.757281553,1,10,0,0,1
60,1764,238,4,7.411764706,1,43,0,3,0
69,1994,252,5,7.912698413,4,9,0,0,0
61,1302,245,0,5.314285714,2,11,1,0,1
73,1995,325,2,6.138461538,4,17,0,3,1
57,1873,322,11,5.816770186,1,37,0,3,1
63,1759,178,0,9.882022472,1,14,0,0,0
75,2203,314,3,7.015923567,2,38,0,3,1
82,2576,423,3,6.089834515,2,16,0,5,1
37,1198,98,0,12.2244898,1,10,0,0,0
59,1436,196,0,7.326530612,1,12,0,1,0
35,1020,128,3,7.96875,1,10,0,0,1
41,1240,133,2,9.323308271,4,2,0,0,0
51,1423,142,1,10.02112676,4,2,0,0,1
11,233,29,0,8.034482759,0,0,0,0,1
145,6890,485,0,14.20618557,3,23,0,2,0
34,895,135,0,6.62962963,1,2,0,0,1
160,4563,571,0,7.991243433,24,2,0,0,0
57,1679,277,5,6.061371841,2,2,0,1,0
136,3412,521,6,6.548944338,14,5,0,0,0
84,3243,279,2,11.62365591,6,13,0,1,0
116,4085,385,6,10.61038961,10,11,0,1,1
67,1783,200,0,8.915,0,0,0,0,1
86,2030,295,0,6.881355932,11,2,0,0,1
122,4146,419,5,9.894988067,9,34,0,2,1
53,1954,131,0,14.91603053,4,4,0,0,0
23,413,83,0,4.975903614,5,2,0,0,0
270,7227,957,16,7.551724138,10,10,0,1,1
44,1343,190,2,7.068421053,1,27,0,1,1
50,819,135,0,6.066666667,9,2,0,0,1
87,1230,285,0,4.315789474,11,2,0,0,0
86,1589,216,0,7.356481481,7,21,0,0,0
106,3301,406,8,8.130541872,6,9,0,0,0
53,1412,245,4,5.763265306,2,18,0,1,1
82,2064,282,3,7.319148936,2,18,0,1,0
60,1780,176,0,10.11363636,2,7,0,0,1
76,1857,190,1,9.773684211,2,7,0,0,0
70,1656,220,0,7.527272727,6,2,0,1,0
80,2440,270,4,9.037037037,4,6,0,3,1
80,1432,217,1,6.599078341,12,2,0,0,0
38,1122,202,1,5.554455446,2,7,0,4,1
169,6567,554,4,11.85379061,6,2,0,1,0
350,16343,1735,0,9.419596542,0,0,0,0,1
48,1270,174,1,7.298850575,2,7,0,1,1
74,2801,375,4,7.469333333,3,19,0,3,0
12,335,38,0,8.815789474,2,2,0,0,0
32,1056,85,0,12.42352941,1,6,0,0,0
41,932,126,0,7.396825397,2,0,0,0,0
29,848,107,0,7.925233645,1,5,0,0,0
53,1280,229,3,5.589519651,3,2,0,0,1
51,1734,247,1,7.020242915,1,4,0,0,0
54,1106,205,0,5.395121951,2,9,1,0,1
70,2364,241,1,9.809128631,2,2,0,0,1
129,4877,471,2,10.35456476,12,7,0,3,1
25,886,176,0,5.034090909,0,0,0,0,0
37,1068,142,4,7.521126761,1,13,0,0,1
75,1736,303,0,5.729372937,9,2,0,0,0
22,422,68,1,6.205882353,1,5,0,0,1
54,1584,171,0,9.263157895,1,2,0,0,1
45,1079,163,0,6.619631902,3,2,0,0,1
21,485,63,0,7.698412698,2,2,0,0,1
47,1135,155,0,7.322580645,1,14,0,0,0
53,1144,167,0,6.850299401,7,2,0,0,0
57,2105,179,0,11.75977654,1,12,0,0,1
122,2821,468,1,6.027777778,10,2,0,0,0
32,953,167,0,5.706586826,1,13,0,1,0
79,2337,275,3,8.498181818,5,4,0,3,0
1390,40853,5086,107,8.032441998,40,12,0,10,0
10,103,25,0,4.12,0,0,0,0,1
65,2180,267,1,8.164794007,2,11,0,0,1
229,11105,962,9,11.54365904,5,14,0,1,0
44,1369,205,1,6.67804878,1,30,0,1,0
65,1737,303,0,5.732673267,6,0,0,0,1
61,1925,207,3,9.299516908,1,26,0,0,1
89,3474,511,1,6.798434442,8,3,0,0,0
37,1032,143,0,7.216783217,3,2,0,0,0
47,1024,135,1,7.585185185,1,15,0,1,0
104,2708,320,3,8.4625,7,10,0,0,1
71,1421,220,0,6.459090909,12,2,0,0,1
17,494,65,0,7.6,0,0,0,0,1
71,1472,197,0,7.472081218,8,2,0,0,0
135,3911,504,2,7.759920635,14,7,0,2,0
36,1161,221,4,5.253393665,1,17,0,1,0
45,1041,179,2,5.815642458,2,10,0,2,1
152,3571,478,0,7.470711297,23,8,0,0,1
31,835,140,1,5.964285714,1,15,0,1,1
104,1757,366,0,4.800546448,15,2,0,0,1
53,1760,182,0,9.67032967,11,2,0,0,1
39,935,177,1,5.282485876,1,5,0,0,0
76,1914,193,1,9.917098446,2,7,0,0,0
41,1446,106,0,13.64150943,1,8,0,0,1
65,1265,210,0,6.023809524,9,2,0,0,0
29,871,148,0,5.885135135,0,0,0,0,1
38,1183,179,1,6.608938547,2,1,0,0,1
56,1704,307,5,5.550488599,3,19,0,7,1
61,1726,180,0,9.588888889,2,11,0,0,0
126,5180,453,7,11.43487859,7,16,0,0,0
35,1222,224,0,5.455357143,1,0,0,0,0
65,1264,196,0,6.448979592,13,2,0,0,0
31,1128,86,0,13.11627907,2,1,0,0,0
133,4266,542,7,7.870848708,2,11,0,2,0
41,598,95,0,6.294736842,14,0,0,0,1
35,1051,115,0,9.139130435,1,6,0,0,0
17,411,46,0,8.934782609,1,5,0,0,1
138,4001,435,1,9.197701149,9,2,0,0,1
38,849,144,1,5.895833333,1,7,0,0,1
158,4165,524,14,7.948473282,13,6,0,0,1
206,6322,624,8,10.13141026,21,10,0,1,0
130,3493,470,4,7.431914894,4,2,0,0,0
149,4071,620,7,6.566129032,6,5,0,1,0
134,4279,568,5,7.533450704,10,10,0,4,0
42,944,119,0,7.932773109,0,0,0,0,1
42,1252,138,0,9.072463768,2,4,0,0,0
44,937,132,1,7.098484848,2,6,0,0,0
24,766,113,4,6.778761062,1,22,0,1,0
18,390,53,0,7.358490566,0,0,0,0,1
70,2790,199,0,14.0201005,3,7,0,0,0
48,1381,186,5,7.424731183,1,15,0,0,1
39,1030,153,0,6.732026144,1,2,0,0,0
58,1613,259,1,6.227799228,2,5,0,0,0
44,1326,186,0,6.765306122,0,0,0,0,0
131,4500,478,3,9.414225941,7,6,0,0,0
60,1958,252,2,7.76984127,7,13,0,0,0
230,11519,1085,7,10.61658986,4,19,0,2,0
30,1065,79,0,13.48101266,1,5,0,0,1
30,464,79,0,5.873417722,4,2,0,0,0
72,2209,240,1,9.204166667,7,2,0,0,0
36,1163,198,0,5.873737374,1,13,0,1,1
80,1876,261,1,7.187739464,3,10,1,1,0
25,535,85,0,6.294117647,3,2,0,0,1
62,1779,216,3,8.236111111,5,2,1,0,0
144,2933,415,0,7.06746988,24,2,0,0,1
54,1600,187,3,8.556149733,2,5,0,2,1
68,2079,255,0,8.152941176,1,2,0,0,0
381,11014,1352,20,8.146449704,32,4,5,2,0
55,1791,344,5,5.206395349,2,24,0,5,0
78,2760,358,1,7.709497207,6,2,0,0,0
73,2038,314,1,6.49044586,4,1,0,0,1
47,1754,272,0,6.448529412,0,0,0,0,1
51,1971,158,0,12.47468354,2,5,0,0,1
101,3448,392,0,8.795918367,1,2,0,0,1
9,165,21,0,7.857142857,0,0,0,0,1
17,401,46,0,8.717391304,1,5,0,0,1
47,1159,217,2,5.341013825,1,19,0,0,1
35,1014,166,0,6.108433735,11,2,0,0,1
67,1394,267,5,5.220973783,8,4,0,0,1
78,1107,171,0,6.473684211,1,3,0,0,0
134,3510,612,12,5.735294118,13,2,0,4,1
1208,37773,5175,36,7.299130435,51,2,2,15,1
61,1765,193,0,9.14507772,2,7,0,0,1
44,1401,258,5,5.430232558,2,11,0,0,1
156,3011,548,19,5.494525547,19,5,0,0,0
75,1603,222,1,7.220720721,3,6,0,0,0
224,7041,1214,0,5.799835255,16,0,0,0,0
153,4192,544,5,7.705882353,10,13,0,1,1
30,715,79,0,9.050632911,1,4,0,0,1
32,982,164,0,5.987804878,0,0,0,0,0
12,303,38,0,7.973684211,1,0,0,0,1
75,1744,202,0,8.633663366,10,2,0,0,0
118,4061,370,2,10.97567568,4,4,0,0,0
31,754,92,0,8.195652174,3,6,0,1,1
44,1078,131,0,8.229007634,5,1,0,0,0
167,3393,531,0,6.389830508,34,2,0,0,1
45,1191,124,0,9.60483871,14,0,0,0,1
116,3547,399,1,8.889724311,4,21,0,4,1
94,2200,351,5,6.267806268,5,21,0,3,1
58,1117,179,0,6.240223464,4,0,0,0,0
49,1223,190,0,6.436842105,3,2,0,0,0
59,1783,261,0,6.831417625,13,2,0,0,1
97,1813,300,0,6.043333333,20,2,0,0,1
45,973,148,0,6.574324324,1,21,0,4,0
212,6324,774,4,8.170542636,6,8,0,3,0
47,961,151,2,6.364238411,2,12,0,1,0
40,1047,189,1,5.53968254,1,22,0,2,0
55,1421,239,2,5.945606695,9,2,0,0,1
13,265,30,0,8.833333333,4,0,0,0,1
14,307,55,0,5.581818182,1,1,0,0,1
152,3913,649,11,6.029275809,4,5,0,3,0
67,1223,177,0,6.90960452,11,3,0,0,0
46,1047,151,1,6.933774834,2,2,0,0,1
98,3159,353,1,8.949008499,6,2,0,1,1
44,1184,142,0,8.338028169,2,3,0,0,1
32,778,89,0,8.741573034,2,4,0,0,1
95,2543,371,3,6.854447439,15,2,0,0,1
278,9052,1036,8,8.737451737,17,4,0,2,1
379,15114,1740,0,8.686206897,0,0,0,0,1
70,2316,236,1,9.813559322,2,2,0,0,1
149,4475,582,8,7.689003436,15,2,1,0,1
182,4491,619,8,7.255250404,35,2,1,1,1
14,421,42,0,10.02380952,0,0,0,0,0
32,759,146,0,5.198630137,2,4,0,1,1
31,954,94,0,10.14893617,1,10,0,0,1
45,1494,136,1,10.98529412,2,9,0,0,0
113,5071,425,5,11.93176471,7,4,0,0,0
44,1250,212,0,5.896226415,1,12,0,0,1
20,303,59,0,5.13559322,2,2,0,0,1
40,1057,126,1,8.388888889,1,6,0,0,1
29,744,113,0,6.584070796,1,14,0,1,1
90,2052,296,0,6.932432432,8,2,0,4,0
105,3244,348,3,9.32183908,10,2,0,1,1
83,2766,296,0,9.344594595,5,4,0,1,1
352,9649,1620,1,5.95617284,19,4,0,0,0
88,2302,332,2,6.93373494,3,2,0,1,1
63,1421,174,0,8.166666667,5,7,0,0,0
74,1370,215,0,6.372093023,12,2,0,0,0
717,26287,2484,5,10.58252818,20,15,0,0,0
41,1250,167,0,7.48502994,1,10,0,0,0
69,1746,287,0,6.083623693,4,13,0,3,1
123,3795,518,11,7.326254826,7,7,0,0,1
66,1277,166,0,7.692771084,8,2,0,0,0
123,4723,479,5,9.860125261,9,2,0,0,1
62,1421,164,0,8.664634146,3,0,0,0,0
42,1293,215,0,6.013953488,1,2,0,0,0
240,6632,821,12,8.077953715,8,6,0,3,1
21,456,75,0,6.08,3,2,0,0,0
196,2909,545,0,5.337614679,16,2,0,0,0
54,1129,192,2,5.880208333,3,6,0,0,1
33,1210,108,1,11.2037037,3,7,0,1,0
113,4499,470,9,9.572340426,4,5,0,0,1
32,903,123,4,7.341463415,1,12,0,0,1
45,1472,233,0,6.317596567,1,0,0,0,0
14,172,34,0,5.058823529,1,2,0,0,0
95,2277,356,3,6.396067416,8,8,0,5,0
22,920,119,2,7.731092437,1,19,0,3,0
86,1507,267,4,5.644194757,11,2,0,0,0
29,704,80,2,8.8,1,10,0,1,0
65,3246,335,0,9.689552239,3,5,0,0,0
38,1331,96,0,13.86458333,1,8,0,0,0
51,1418,167,0,8.491017964,5,2,0,0,0
51,1403,243,5,5.773662551,1,24,0,5,1
34,949,165,0,5.751515152,0,0,0,0,0
88,3674,496,5,7.407258065,2,44,0,3,0
27,818,96,1,8.520833333,1,6,0,0,1
25,791,79,0,10.01265823,2,2,0,0,1
41,1160,149,0,7.785234899,3,3,0,1,0
93,2987,441,17,6.77324263,7,33,0,0,0
71,2439,426,3,5.725352113,2,30,0,5,0
56,2390,428,0,5.58411215,0,0,0,0,0
122,3118,459,2,6.793028322,6,14,0,1,0
44,1648,117,1,14.08547009,1,12,0,0,0
51,1169,228,2,5.127192982,1,18,0,2,1
41,989,165,2,5.993939394,3,4,0,0,1
122,4739,517,4,9.166344294,2,9,0,0,1
85,1623,285,0,5.694736842,7,2,0,0,0
70,2180,242,1,9.008264463,2,2,0,0,1
72,1401,188,1,7.45212766,10,5,0,0,0
125,2131,340,0,6.267647059,14,11,0,0,0
64,1931,368,6,5.247282609,2,23,0,7,1
32,856,107,0,8.0,1,8,0,0,1
103,2388,302,0,7.907284768,9,7,0,0,0
89,2389,349,0,6.845272206,5,16,0,0,1
99,3046,352,2,8.653409091,9,10,0,0,1
24,571,81,0,7.049382716,2,0,0,0,1
226,6740,876,5,7.694063927,6,7,0,1,1
62,1098,226,0,4.85840708,2,8,1,0,1
11,268,44,0,6.090909091,0,0,0,0,1
44,1027,121,0,8.487603306,12,0,0,0,1
51,1329,186,1,7.14516129,1,31,0,4,1
20,365,64,0,5.703125,1,2,0,0,1
48,1028,166,0,6.192771084,6,2,0,0,0
97,2857,378,3,7.558201058,0,0,0,1,0
59,1860,307,0,6.058631922,3,4,0,0,1
232,9046,1137,11,7.956024626,14,2,1,1,1
40,1072,158,2,6.784810127,7,2,0,0,1
31,587,95,0,6.178947368,0,0,0,0,1
12,201,37,0,5.432432432,2,0,0,0,1
111,4181,517,11,8.087040619,5,23,0,5,0
60,2108,216,0,9.759259259,2,18,0,1,1
98,1705,308,0,5.535714286,12,2,0,0,0
49,1337,154,0,8.681818182,0,0,0,0,1
17,502,85,0,5.905882353,1,0,0,0,1
17,326,47,0,6.936170213,1,0,0,0,1
16,388,63,0,6.158730159,1,0,0,0,1
79,2133,227,0,9.396475771,6,7,0,0,1
54,1559,227,0,6.86784141,2,9,0,0,1
49,1263,147,0,8.591836735,4,5,0,0,1
120,3411,381,1,8.952755906,2,8,0,0,0
144,3967,550,2,7.212727273,10,2,0,1,1
27,577,95,0,6.073684211,6,0,0,0,0
426,14370,2003,15,7.174238642,16,5,0,7,0
61,1382,217,0,6.368663594,4,0,0,0,0
36,1102,178,0,6.191011236,0,0,0,0,0
134,3823,608,2,6.287828947,8,2,0,1,1
241,8467,1023,28,8.276637341,18,12,0,4,1
76,1858,192,1,9.677083333,2,7,0,0,0
29,862,137,0,6.291970803,1,13,0,1,1
26,398,44,0,9.045454545,8,0,0,0,0
184,6811,672,2,10.13541667,3,31,0,3,1
123,3385,441,3,7.675736961,9,8,0,3,1
193,3791,576,0,6.581597222,38,2,0,0,0
38,1165,118,0,9.872881356,14,0,0,0,0
93,3214,318,1,10.10691824,6,10,0,0,1
84,2409,387,3,6.224806202,3,10,0,9,0
42,1217,239,2,5.092050209,1,15,0,2,1
91,2486,277,6,8.974729242,5,11,0,0,1
23,1261,141,0,8.943262411,1,12,0,0,0
98,4412,433,0,10.18937644,9,3,0,0,0
59,1403,150,0,9.353333333,2,6,0,0,1
40,893,179,1,4.988826816,1,17,0,2,1
42,672,106,0,6.339622642,7,2,0,0,1
60,1274,193,2,6.601036269,9,2,0,0,1
69,1433,235,5,6.09787234,12,2,0,0,1
72,2381,259,1,9.193050193,2,5,0,0,1
102,3816,328,11,11.63414634,6,10,0,1,1
35,1199,204,1,5.87745098,1,10,0,1,0
26,778,125,0,6.224,2,0,0,0,1
568,26324,1703,4,15.45742807,36,2,0,1,0
62,1040,211,0,4.928909953,2,8,1,0,0
26,616,111,0,5.54954955,1,11,0,1,0
77,2453,226,4,10.8539823,7,4,0,0,0
46,888,140,2,6.342857143,1,20,1,0,1
525,18661,3205,0,5.822464899,43,0,0,0,0
152,3926,497,7,7.899396378,5,1,0,0,1
207,5445,715,13,7.615384615,10,44,0,11,0
36,878,143,1,6.13986014,1,19,0,1,0
89,2085,314,0,6.640127389,5,9,0,4,0